image_id,sequence,sha256,width,height,original_name,docx_media_path,extracted_path,previous_text,next_text,nearest_heading
nb_img_001,1,c7c169a29cc85886e51047b788963f50b6195343e05e0b2b80409a363f99aaec,2500,2500,image2.png,word/media/image2.png,_work/correction/extract/notebook_images/notebook_img_001_image2.png,,KARABÜK ÜNİVERSİTESİ,
nb_img_002,2,89c856c45fb5f4340ae7fcb4e67d12de58272052d01b47ee5875faf94b33d30c,164,198,image3.png,word/media/image3.png,_work/correction/extract/notebook_images/notebook_img_002_image3.png,Öğrencinin İmzası:,Staj Yapılan İş Yeri,"KARABÜK ÜNİVERSİTESİ
MÜHENDİSLİK FAKÜLTESİ"
nb_img_003,3,026f16394075e11a5d0addedf233ee7d9058dde59506c8d6c90028ea05938db6,1151,315,image4.jpg,word/media/image4.jpg,_work/correction/extract/notebook_images/notebook_img_003_image4.jpg,"Siemens Enerji, 2020 yılında kurulan yeni bir şirket olsa da köklerini 1866 yılından beri faaliyetine devam Siemens’ten alıyor. 90 ülkede 90 bin çalışanı var. Şirketin örgütsel yapısı ise şöyledir.","Generation Bölümü: Elektrik enerjisi üretmek için kullanılan büyük gaz ve buhar türbinleri, jeneratörler, anahtar-teslimi enerji santralleri, kontrol sistemleri, bu güç santrallerinin bakım ve tamiri, modernleştirme ve dijitalleştirme hizm…","KARABÜK ÜNİVERSİTESİ
MÜHENDİSLİK FAKÜLTESİ"
nb_img_004,4,dff876bcdb5ad77d4f3f50d48d69ae8177fb13e2be3a093c9036fb37f06869ca,635,323,image5.jpg,word/media/image5.jpg,_work/correction/extract/notebook_images/notebook_img_004_image5.jpg,Siemens & Halske Telgraf yapım şirketi olarak 1847 yılında Berlin’de kuruldu. Kuruluşundan sadece 11 yıl (1856’da) sonra ülkemizdeki (Osmanlı İmparatorluğu’nda) ilk telgraf sistemini kurarak faaliyetlerine başladı. Döneminin interneti sayı…,[1],"KARABÜK ÜNİVERSİTESİ
MÜHENDİSLİK FAKÜLTESİ"
nb_img_005,5,6574085c798d2e316ce790e6cf1be1592c44b730df33f4739a50e92e2983cfed,766,583,image6.jpg,word/media/image6.jpg,_work/correction/extract/notebook_images/notebook_img_005_image6.jpg,"Enerji Bakanlığı’nın Termik ve Hidroelektrik Santrallerinde Enerji Verimliliği (2020) adlı araştırma raporundan bir sonuç, Elektrik Santrali’nin 69 yaşında iken emekli edilmesini açıklıyor olabilir. [2]",İŞ YAPRAĞI,"KARABÜK ÜNİVERSİTESİ
MÜHENDİSLİK FAKÜLTESİ"
nb_img_006,6,a01f1c6499c3a4bb2a8d0173c89020380dde4092bb04aeff9010132bb39c931a,293,293,image7.jpeg,word/media/image7.jpeg,_work/correction/extract/notebook_images/notebook_img_006_image7.jpeg,Siemens’in ürünleri ile çalışan Silahtarağa Elektrik Santrali ve onun günümüzdeki modern izdüşümü,İŞ YAPRAĞI,"KARABÜK ÜNİVERSİTESİ
MÜHENDİSLİK FAKÜLTESİ"
nb_img_007,7,4bccb0e687511f4ee530197d2f6728efefd6aa992ce8094a077a6a777efcdef4,517,292,image8.jpeg,word/media/image8.jpeg,_work/correction/extract/notebook_images/notebook_img_007_image8.jpeg,Siemens’in ürünleri ile çalışan Silahtarağa Elektrik Santrali ve onun günümüzdeki modern izdüşümü,İŞ YAPRAĞI,"KARABÜK ÜNİVERSİTESİ
MÜHENDİSLİK FAKÜLTESİ"
nb_img_008,8,7ef036919e65532ca94c174c45c5e03eace67e4731840757aecd1c5149668b93,657,433,image9.jpeg,word/media/image9.jpeg,_work/correction/extract/notebook_images/notebook_img_008_image9.jpeg,Siemens’in ürünleri ile çalışan Silahtarağa Elektrik Santrali ve onun günümüzdeki modern izdüşümü,İŞ YAPRAĞI,"KARABÜK ÜNİVERSİTESİ
MÜHENDİSLİK FAKÜLTESİ"
nb_img_009,9,d9f62dca96685c713996471213e85097b8c1055b13e8d581704fa11731ba2e56,570,320,image10.jpeg,word/media/image10.jpeg,_work/correction/extract/notebook_images/notebook_img_009_image10.jpeg,Siemens’in ürünleri ile çalışan Silahtarağa Elektrik Santrali ve onun günümüzdeki modern izdüşümü,İŞ YAPRAĞI,"KARABÜK ÜNİVERSİTESİ
MÜHENDİSLİK FAKÜLTESİ"
nb_img_010,10,f4d559b7e762f1cd142e9fa466967a4d2f66189eae9a90090bcfd170abacf085,607,405,image11.jpeg,word/media/image11.jpeg,_work/correction/extract/notebook_images/notebook_img_010_image11.jpeg,Siemens’in ürünleri ile çalışan Silahtarağa Elektrik Santrali ve onun günümüzdeki modern izdüşümü,İŞ YAPRAĞI,"KARABÜK ÜNİVERSİTESİ
MÜHENDİSLİK FAKÜLTESİ"
nb_img_011,11,ba9b2ae3b998155035f4c84144aca3fa177d0b5d3878de1ff87cb75277fbf7db,679,414,image12.jpeg,word/media/image12.jpeg,_work/correction/extract/notebook_images/notebook_img_011_image12.jpeg,Siemens’in ürünleri ile çalışan Silahtarağa Elektrik Santrali ve onun günümüzdeki modern izdüşümü,İŞ YAPRAĞI,"KARABÜK ÜNİVERSİTESİ
MÜHENDİSLİK FAKÜLTESİ"
nb_img_012,12,923cd86747bfa80359d4d9a7c2a0ee87dd861aed7a54de674c96de08e0a89b7e,528,351,image13.jpeg,word/media/image13.jpeg,_work/correction/extract/notebook_images/notebook_img_012_image13.jpeg,Siemens’in ürünleri ile çalışan Silahtarağa Elektrik Santrali ve onun günümüzdeki modern izdüşümü,İŞ YAPRAĞI,"KARABÜK ÜNİVERSİTESİ
MÜHENDİSLİK FAKÜLTESİ"
nb_img_013,13,a47bae319245cb9eb26ffdfc6c088fb7b18df6050c616cc87fc0128932680415,546,409,image14.jpeg,word/media/image14.jpeg,_work/correction/extract/notebook_images/notebook_img_013_image14.jpeg,Siemens’in ürünleri ile çalışan Silahtarağa Elektrik Santrali ve onun günümüzdeki modern izdüşümü,İŞ YAPRAĞI,"KARABÜK ÜNİVERSİTESİ
MÜHENDİSLİK FAKÜLTESİ"
nb_img_014,14,8805e6e9bd0a6b8d54a655d083e78ba32ff432ba06c34a7aa86cf6177006ecbc,250,113,image15.jpg,word/media/image15.jpg,_work/correction/extract/notebook_images/notebook_img_014_image15.jpg,Eskişehir ve Turhal Şeker Fabrikalarının Buhar Türbinleri (1935),"Eskişehir Şeker Fabrikası'ndan emekli olmuş bir çalışanın, konuyla ilgili, ilk elden tanık olduğu bir olayı yazmak istiyorum. * :? İki nokta mı olmalı?","KARABÜK ÜNİVERSİTESİ
MÜHENDİSLİK FAKÜLTESİ"
nb_img_015,15,bdb2e995060d1563c055e658d3aad8a91a52b350979b6dcf9421c03c7ced09e8,360,240,image16.jpeg,word/media/image16.jpeg,_work/correction/extract/notebook_images/notebook_img_015_image16.jpeg,[4]Almanların kalite anlayışına bir de sevimli olmayan bir örnek vermek istiyorum. 2.Dünya Savaşı sırasında alman savunma sanayii ürünlerinin kalitesi kendileri açısından bir sorun bile yaratmış. Fabrikadan çıkar çıkmaz cepheye sevk edilen…,Ambarlı Termik Santrali(1989),"KARABÜK ÜNİVERSİTESİ
MÜHENDİSLİK FAKÜLTESİ"
nb_img_016,16,163b5b84eea016c989c3b08769afbaa670d78f8966c9ef257a6b5341fac57ffe,510,216,image17.jpeg,word/media/image17.jpeg,_work/correction/extract/notebook_images/notebook_img_016_image17.jpeg,[4]Almanların kalite anlayışına bir de sevimli olmayan bir örnek vermek istiyorum. 2.Dünya Savaşı sırasında alman savunma sanayii ürünlerinin kalitesi kendileri açısından bir sorun bile yaratmış. Fabrikadan çıkar çıkmaz cepheye sevk edilen…,Ambarlı Termik Santrali(1989),"KARABÜK ÜNİVERSİTESİ
MÜHENDİSLİK FAKÜLTESİ"
nb_img_017,17,a7e09ff54bfe0019b7c70f3f170699847f6696709879ebcb021a32528261b2cf,427,263,image18.jpeg,word/media/image18.jpeg,_work/correction/extract/notebook_images/notebook_img_017_image18.jpeg,[4]Almanların kalite anlayışına bir de sevimli olmayan bir örnek vermek istiyorum. 2.Dünya Savaşı sırasında alman savunma sanayii ürünlerinin kalitesi kendileri açısından bir sorun bile yaratmış. Fabrikadan çıkar çıkmaz cepheye sevk edilen…,Ambarlı Termik Santrali(1989),"KARABÜK ÜNİVERSİTESİ
MÜHENDİSLİK FAKÜLTESİ"
nb_img_018,18,87884d8bed98ef0ea335705c0779950256618f76cfb455cc489788b8fab44506,109,291,image19.jpeg,word/media/image19.jpeg,_work/correction/extract/notebook_images/notebook_img_018_image19.jpeg,[4]Almanların kalite anlayışına bir de sevimli olmayan bir örnek vermek istiyorum. 2.Dünya Savaşı sırasında alman savunma sanayii ürünlerinin kalitesi kendileri açısından bir sorun bile yaratmış. Fabrikadan çıkar çıkmaz cepheye sevk edilen…,Ambarlı Termik Santrali(1989),"KARABÜK ÜNİVERSİTESİ
MÜHENDİSLİK FAKÜLTESİ"
nb_img_019,19,fc53432482406841997640cc5158e008668e7261c157f32ecf61bef58a7113e8,281,275,image20.jpeg,word/media/image20.jpeg,_work/correction/extract/notebook_images/notebook_img_019_image20.jpeg,[4]Almanların kalite anlayışına bir de sevimli olmayan bir örnek vermek istiyorum. 2.Dünya Savaşı sırasında alman savunma sanayii ürünlerinin kalitesi kendileri açısından bir sorun bile yaratmış. Fabrikadan çıkar çıkmaz cepheye sevk edilen…,Ambarlı Termik Santrali(1989),"KARABÜK ÜNİVERSİTESİ
MÜHENDİSLİK FAKÜLTESİ"
nb_img_020,20,12dbdf18c195f9f8c01b7902fb2a85292bb735ec84e8404c7cf34dc72e0b360e,353,350,image21.jpg,word/media/image21.jpg,_work/correction/extract/notebook_images/notebook_img_020_image21.jpg,"Siemens Enerji’nin 2021 yılına ait gelir, gider ve birikmiş sipariş rakamları aşağıdaki gibidir.","(Order Backlog) Birikmiş Sipariş: değerinin yüksek olmasının önemli olduğu, şirket yakın dönemde yeni sipariş almasa dahi, uzun dönemli bakım anlaşmalarının çok olmasının, şirketi mali açıdan sağlam kılıp kırılganlığını azalttığı türünden…","KARABÜK ÜNİVERSİTESİ
MÜHENDİSLİK FAKÜLTESİ"
nb_img_021,21,93e35736332db1533844706e823c0d87c1a05db5a446754502e2aadf8c9fba08,415,234,image22.jpeg,word/media/image22.jpeg,_work/correction/extract/notebook_images/notebook_img_021_image22.jpeg,"(Orders) Sipariş ve Revenue Gelir rakamlarını, ilk okuduğumda, şirketin ne kadar büyük olduğunu anlayamamıştım. Tek başına rakamlar, o alanın uzmanı olmayan birisi için çok da anlamlı olmayabilir. Bilinmeyen bir şeyi, bilinen bir şey ile k…","Resimdeki küçük elektronik cihaz, üreticisi tarafından “TINY GPS LOGGER FOR THE INTERNET OF ANIMALS” etiketiyle satılıyor. Muhtemelen bu ürün, rakiplerinden küçüklük özelliği açısından öndedir. Çünkü potansiyel müşterilerinin, ürünün ne ka…","KARABÜK ÜNİVERSİTESİ
MÜHENDİSLİK FAKÜLTESİ"
nb_img_022,22,7830a148f776e28f7b5de338d5a1dbcd0e0b5dad84701677c821de5b2b60008c,473,265,image23.jpg,word/media/image23.jpg,_work/correction/extract/notebook_images/notebook_img_022_image23.jpg,"Bir dinozor bilimci ya da bir Celal Şengör Hoca değilsek, yukarıdaki [3] dinozor türlerinin büyüklüklerini ölçekli insan şekli olmadan anlamamız kolay olmazdı.",İŞ YAPRAĞI,"KARABÜK ÜNİVERSİTESİ
MÜHENDİSLİK FAKÜLTESİ"
nb_img_023,23,b7a8df2073e2a6cde6efa62205362c9931952d9bf1351fbe2cc7138e6b2f9d06,466,166,image24.jpeg,word/media/image24.jpeg,_work/correction/extract/notebook_images/notebook_img_023_image24.jpeg,?,"Siemens Enerji ile aynı büyüklükte ciro yapan (30 Milyar EURO) bir şirket bulmak için İstanbul Sanayi Odası’nın ‘Türkiye’nin En Büyük İlk 500 Şirketi’nin sıralandığı iso500 dizinine baktım. Fakat, denklemin sağ tarafına, iso500’un [4]bir n…","KARABÜK ÜNİVERSİTESİ
MÜHENDİSLİK FAKÜLTESİ"
nb_img_024,24,26f93188edad12fd7eebb14abda08a4b891f641c7c412d4a3f09ea55ed302927,462,712,image25.JPG,word/media/image25.JPG,_work/correction/extract/notebook_images/notebook_img_024_image25.JPG,"Ardından, aklıma o ünlü ‘Fortune Global 500 Listesi’ geldi. [5] Orayı incelediğimde; eşitlik denklemini, doğru yapabilecek bir çözüm bulabildim.",[6] [7] [8] [9] [10] [11] [12] [13] [14] [15] [16] [17] [18],"KARABÜK ÜNİVERSİTESİ
MÜHENDİSLİK FAKÜLTESİ"
nb_img_025,25,da85c3db761757130a75abe3cd20b0c0a174ad84f099af3c77cc49c3b647d80e,485,170,image26.jpeg,word/media/image26.jpeg,_work/correction/extract/notebook_images/notebook_img_025_image26.jpeg,"İmza, Kaşe","Bu arada, Siemens Enerji’nin, Siemens Ailesi’nden ayrılan küçük(!) kardeş olduğunu da hatırlatalım.","KARABÜK ÜNİVERSİTESİ
MÜHENDİSLİK FAKÜLTESİ"
nb_img_026,26,8248cdd1458c266926aa2879c0e5846bc55f1d63e90addc101702e0ff70dd042,421,175,image27.jpg,word/media/image27.jpg,_work/correction/extract/notebook_images/notebook_img_026_image27.jpg,"İmza, Kaşe","Bu arada, Siemens Enerji’nin, Siemens Ailesi’nden ayrılan küçük(!) kardeş olduğunu da hatırlatalım.","KARABÜK ÜNİVERSİTESİ
MÜHENDİSLİK FAKÜLTESİ"
nb_img_027,27,652a828866eb638bbf84e797d2be7dcef5b9b50264281d11fef6139e6f946e2a,520,390,image28.jpeg,word/media/image28.jpeg,_work/correction/extract/notebook_images/notebook_img_027_image28.jpeg,.,Hidrojenin Yapısı,"KARABÜK ÜNİVERSİTESİ
MÜHENDİSLİK FAKÜLTESİ"
nb_img_028,28,0e9894d9fa3ab0225e6bb7c32e7184542d794fe2fc586a949a97409edb85a425,540,308,image29.jpeg,word/media/image29.jpeg,_work/correction/extract/notebook_images/notebook_img_028_image29.jpeg,"Gri Hidrojen: Doğalgazdan, fosil yakıtlardan üretilir.","Kahverengi Hidrojen ve Gri Hidrojen üretim yönteminde büyük miktarda CO2 açığa çıkıyor. Bu iki yöntemin, çevrecilik açısından durumu, dizel jeneratörlerle şarj edilen elektrikli arabalara benziyor sanki. (Ertuğrul Bey’in bir anlatımından i…","KARABÜK ÜNİVERSİTESİ
MÜHENDİSLİK FAKÜLTESİ"
nb_img_029,29,83467377d25d2e5ffafeb906586a953887f19d8b33641de065b290295fbfb4e2,722,406,image30.jpeg,word/media/image30.jpeg,_work/correction/extract/notebook_images/notebook_img_029_image30.jpeg,"Kahverengi Hidrojen ve Gri Hidrojen üretim yönteminde büyük miktarda CO2 açığa çıkıyor. Bu iki yöntemin, çevrecilik açısından durumu, dizel jeneratörlerle şarj edilen elektrikli arabalara benziyor sanki. (Ertuğrul Bey’in bir anlatımından i…",İŞ YAPRAĞI,"KARABÜK ÜNİVERSİTESİ
MÜHENDİSLİK FAKÜLTESİ"
nb_img_030,30,596152eeaa5cdbf17f9c562445ba06a2f10bb3a0a7949a6c1ac5cd6e9a7ae1fc,274,180,image31.jpeg,word/media/image31.jpeg,_work/correction/extract/notebook_images/notebook_img_030_image31.jpeg,"Kahverengi Hidrojen ve Gri Hidrojen üretim yönteminde büyük miktarda CO2 açığa çıkıyor. Bu iki yöntemin, çevrecilik açısından durumu, dizel jeneratörlerle şarj edilen elektrikli arabalara benziyor sanki. (Ertuğrul Bey’in bir anlatımından i…",İŞ YAPRAĞI,"KARABÜK ÜNİVERSİTESİ
MÜHENDİSLİK FAKÜLTESİ"
nb_img_031,31,01b00582f0ec86680fcd58b8cac713f4841200b19884cefdb9f6d92d87e0aaed,275,183,image32.jpeg,word/media/image32.jpeg,_work/correction/extract/notebook_images/notebook_img_031_image32.jpeg,"Kahverengi Hidrojen ve Gri Hidrojen üretim yönteminde büyük miktarda CO2 açığa çıkıyor. Bu iki yöntemin, çevrecilik açısından durumu, dizel jeneratörlerle şarj edilen elektrikli arabalara benziyor sanki. (Ertuğrul Bey’in bir anlatımından i…",İŞ YAPRAĞI,"KARABÜK ÜNİVERSİTESİ
MÜHENDİSLİK FAKÜLTESİ"
nb_img_032,32,833b84b860b785cb8860187d3743cea051bc173c0f4103c7519654bc201e3abc,762,457,image33.JPG,word/media/image33.JPG,_work/correction/extract/notebook_images/notebook_img_032_image33.JPG,"Mavi Hidrojen: Yine fosil yakıtlardan üretiliyor, fakat C02’yi tutup, saklayabiliyoruz.","Yeşil Hidrojen: Elektroliz yönteminde, elektrik akımını kullanarak, suyu, bileşenlerine ayırırız. Eğer kullandığımız elektrik de yenilebilir enerjilerden üretilmişse, güneş ve rüzgar gibi, o zaman yeşil hidrojen olarak sınıflandırabiliriz.","KARABÜK ÜNİVERSİTESİ
MÜHENDİSLİK FAKÜLTESİ"
nb_img_033,33,7f24e928651e6d46b051dfb18ff20269325e83b0e41dc129ee3ff4451b3a14fd,769,384,image34.JPG,word/media/image34.JPG,_work/correction/extract/notebook_images/notebook_img_033_image34.JPG,"Mavi Hidrojen: Yine fosil yakıtlardan üretiliyor, fakat C02’yi tutup, saklayabiliyoruz.","Yeşil Hidrojen: Elektroliz yönteminde, elektrik akımını kullanarak, suyu, bileşenlerine ayırırız. Eğer kullandığımız elektrik de yenilebilir enerjilerden üretilmişse, güneş ve rüzgar gibi, o zaman yeşil hidrojen olarak sınıflandırabiliriz.","KARABÜK ÜNİVERSİTESİ
MÜHENDİSLİK FAKÜLTESİ"
nb_img_034,34,d7c52c649a3cd9b4789e0e2ee25bcc8a77590fa5ab9900e10b5708e5259f4d42,873,223,image35.JPG,word/media/image35.JPG,_work/correction/extract/notebook_images/notebook_img_034_image35.JPG,"Örneğin, AB’nin Yeşil Anlaşması’nda; 10 yıl içinde harcamayı planladığı 1 Trilyon doların yaklaşık yarısı ‘Hidrojen’ için harcanması öngörülüyor.","Çin, G.Kore ve Japonya’nın hidrojen-temiz enerji yatırım açıklamaları.","KARABÜK ÜNİVERSİTESİ
MÜHENDİSLİK FAKÜLTESİ"
nb_img_035,35,38ce0a390fbcb47f6cf394633f0a55ecf7b9eea9215352de79842cf911ea37be,407,165,image37.jpeg,word/media/image37.jpeg,_work/correction/extract/notebook_images/notebook_img_035_image37.jpeg,"Çin, G.Kore ve Japonya’nın hidrojen-temiz enerji yatırım açıklamaları.",Benzer şekilde ABD de 2050 yılına kadar ‘%100 Temiz Enerji Ekonomi’ hedefine ulaşmak için 1.7 Trilyon dolarlık yatırım yapmayı vaat etmiş. (4 Temmuz 2019),"KARABÜK ÜNİVERSİTESİ
MÜHENDİSLİK FAKÜLTESİ"
nb_img_036,36,c677691957ccd19d72e772f46758e9fdf28bc8f9dfe400aeefbb0bfa9c5254f5,391,153,image38.jpeg,word/media/image38.jpeg,_work/correction/extract/notebook_images/notebook_img_036_image38.jpeg,"Çin, G.Kore ve Japonya’nın hidrojen-temiz enerji yatırım açıklamaları.",Benzer şekilde ABD de 2050 yılına kadar ‘%100 Temiz Enerji Ekonomi’ hedefine ulaşmak için 1.7 Trilyon dolarlık yatırım yapmayı vaat etmiş. (4 Temmuz 2019),"KARABÜK ÜNİVERSİTESİ
MÜHENDİSLİK FAKÜLTESİ"
nb_img_037,37,13bd5be11240f2cfc57f6ca532969451074b799a3db2fcdfa607575427a711e8,534,167,image39.jpeg,word/media/image39.jpeg,_work/correction/extract/notebook_images/notebook_img_037_image39.jpeg,"Çin, G.Kore ve Japonya’nın hidrojen-temiz enerji yatırım açıklamaları.",Benzer şekilde ABD de 2050 yılına kadar ‘%100 Temiz Enerji Ekonomi’ hedefine ulaşmak için 1.7 Trilyon dolarlık yatırım yapmayı vaat etmiş. (4 Temmuz 2019),"KARABÜK ÜNİVERSİTESİ
MÜHENDİSLİK FAKÜLTESİ"
nb_img_038,38,e13bee3929310d41ba15ed5af1fe62046cad5c9043bed46c5711a3806efee858,163,150,image40.jpeg,word/media/image40.jpeg,_work/correction/extract/notebook_images/notebook_img_038_image40.jpeg,Benzer şekilde ABD de 2050 yılına kadar ‘%100 Temiz Enerji Ekonomi’ hedefine ulaşmak için 1.7 Trilyon dolarlık yatırım yapmayı vaat etmiş. (4 Temmuz 2019),.,"KARABÜK ÜNİVERSİTESİ
MÜHENDİSLİK FAKÜLTESİ"
nb_img_039,39,6cc8cb3d12aeebbee259e2d3fbd128b969067b5cdd3bf8f76b2e850d6fea386b,849,453,image41.JPG,word/media/image41.JPG,_work/correction/extract/notebook_images/notebook_img_039_image41.JPG,"‘NREL’ adı ve logosunu daha önce, Delftx Üniversitesi’ndeki Solar Energy ET3034TUx dersine çalışırken de görmüştüm.",O dersten bir ekran görüntüsü. ‘NREL Chart’ 2014 yılına ait.,"KARABÜK ÜNİVERSİTESİ
MÜHENDİSLİK FAKÜLTESİ"
nb_img_040,40,8f74074c28a085a9bb61a2588c8b813b545d40cf153f4e01774c15eab7eb8734,1016,637,image42.JPG,word/media/image42.JPG,_work/correction/extract/notebook_images/notebook_img_040_image42.JPG,O dersten bir ekran görüntüsü. ‘NREL Chart’ 2014 yılına ait.,Dikey eksen: Güneş hücresinin verimlilik yüzdesi.,"KARABÜK ÜNİVERSİTESİ
MÜHENDİSLİK FAKÜLTESİ"
nb_img_041,41,9afbf152a18479fe2e5bbce553a30cffe68aad9db9d0039c225932c241c23376,1367,709,image43.JPG,word/media/image43.JPG,_work/correction/extract/notebook_images/notebook_img_041_image43.JPG,2022 yılına ait güncel PV Hücresi etkinlik çizelgesi,"Ayrıca, NREL’in sitesinden güncel çizelgeyi indirdiğimde [19] ; fark ettiğim, olumlu değişimi de vurgulamak istiyorum.","KARABÜK ÜNİVERSİTESİ
MÜHENDİSLİK FAKÜLTESİ"
nb_img_042,42,09459530ca7c447dbc71996e7b2c6647d324cd635d82315611a4d794f5819946,541,328,image44.jpeg,word/media/image44.jpeg,_work/correction/extract/notebook_images/notebook_img_042_image44.jpeg,"Biraz internet araması yaptıktan sonra gerçekten de çok küçük nükleer reaktörlerin var olduğu, henüz arabalarda, kamyonlarda kullanılmıyor olsa da Alaska gibi merkezden uzak yerlerde elektrik için kullanımda olduğunu okudum/dinledim. [21]…","Zannedersem, bu türden nükleer yakıtlı araçlar, hiçbir zaman sivil kullanıma açılmaz. Gübre yapımında kullanılan birtakım maddeler bile yasak ya da kontrollü iken [24], nükleer yakıtlı kamyonu, hiçbir vatandaşa hatta ülkeye vermezler. Ters…","KARABÜK ÜNİVERSİTESİ
MÜHENDİSLİK FAKÜLTESİ"
nb_img_043,43,3bfe85385989f452002b3cd61d2d4467cc58d0147101918c635b89793ee97c91,431,324,image45.jpeg,word/media/image45.jpeg,_work/correction/extract/notebook_images/notebook_img_043_image45.jpeg,"Biraz internet araması yaptıktan sonra gerçekten de çok küçük nükleer reaktörlerin var olduğu, henüz arabalarda, kamyonlarda kullanılmıyor olsa da Alaska gibi merkezden uzak yerlerde elektrik için kullanımda olduğunu okudum/dinledim. [21]…","Zannedersem, bu türden nükleer yakıtlı araçlar, hiçbir zaman sivil kullanıma açılmaz. Gübre yapımında kullanılan birtakım maddeler bile yasak ya da kontrollü iken [24], nükleer yakıtlı kamyonu, hiçbir vatandaşa hatta ülkeye vermezler. Ters…","KARABÜK ÜNİVERSİTESİ
MÜHENDİSLİK FAKÜLTESİ"
nb_img_044,44,5d3f6228af52b5d0b86fdddf44739cc3d109f611f7025df80d17bfdadae31d1e,904,507,image46.JPG,word/media/image46.JPG,_work/correction/extract/notebook_images/notebook_img_044_image46.JPG,"İmza, Kaşe","Arabanın içindeyiz.Hidrojen depomuzu doldurduk.H, doğrudan bir enerji kaynağı değildir. O yüzden, Hidrojeni, arabanın içinde bulunan ‘Fuel Cell Stack’ cihazı (pahalı ) ile elektriğe çevireceğiz. Bu işlem; girdi-çıktı ilişkisi bakımından, E…","KARABÜK ÜNİVERSİTESİ
MÜHENDİSLİK FAKÜLTESİ"
nb_img_045,45,4b0f2cb3a080b4dfd635ab4e425970db4ac696b48950891f2a61e2546c75c18b,814,440,image47.jpg,word/media/image47.jpg,_work/correction/extract/notebook_images/notebook_img_045_image47.jpg,"Boru hatları ile istasyonlara taşındı. Arabalara, hidrojeni buralardan dolduruyoruz. 2021 itibari ile 685 adet dolum ist. var. [38]Ülkemizde henüz yok.Boru hatları ile istasyonlara taşındı. Arabalara, hidrojeni buralardan dolduruyoruz. 202…",İŞ YAPRAĞI,"KARABÜK ÜNİVERSİTESİ
MÜHENDİSLİK FAKÜLTESİ"
nb_img_046,46,4b0f2cb3a080b4dfd635ab4e425970db4ac696b48950891f2a61e2546c75c18b,814,440,image50.jpg,word/media/image50.jpg,_work/correction/extract/notebook_images/notebook_img_046_image50.jpg,"Boru hatları ile istasyonlara taşındı. Arabalara, hidrojeni buralardan dolduruyoruz. 2021 itibari ile 685 adet dolum ist. var. [38]Ülkemizde henüz yok.Boru hatları ile istasyonlara taşındı. Arabalara, hidrojeni buralardan dolduruyoruz. 202…",İŞ YAPRAĞI,"KARABÜK ÜNİVERSİTESİ
MÜHENDİSLİK FAKÜLTESİ"
nb_img_047,47,139e5b0a29be2f75bcc8c2352a4bcb264755b5e53569ec8cf9896f7366ebf4d6,1098,577,image48.jpg,word/media/image48.jpg,_work/correction/extract/notebook_images/notebook_img_047_image48.jpg,"Ancak, Enerji Bakanlığı’nın bir raporunda [2], hidrojen harici diğer enerji kaynaklarından üretilen enerji kayıplarının grafiğinde, kayıp oranını %80 olduğu yazıyor. Bu kayıp oranı, hidrojenden daha verimsiz olduğunu gösteriyor olabilir.",.,"KARABÜK ÜNİVERSİTESİ
MÜHENDİSLİK FAKÜLTESİ"
nb_img_048,48,25d8a0f297d3b28360c28b55c88cce8c3e8cc7185440440f35ff28db7b9d4ce9,631,429,image49.png,word/media/image49.png,_work/correction/extract/notebook_images/notebook_img_048_image49.png,"Enerji ihtiyacımızı sadece yenilebilir enerji kaynaklarından elde etmek istiyorsak, mutlaka depolayabilmemiz gerekir. Peki neden?","Grafiğe [25] baktığımızda; Talebi, günün bazı saatlerinde karşılayamıyoruz.","KARABÜK ÜNİVERSİTESİ
MÜHENDİSLİK FAKÜLTESİ"
nb_img_049,49,25d8a0f297d3b28360c28b55c88cce8c3e8cc7185440440f35ff28db7b9d4ce9,631,429,image49.png,word/media/image49.png,_work/correction/extract/notebook_images/notebook_img_048_image49.png,"Enerji ihtiyacımızı sadece yenilebilir enerji kaynaklarından elde etmek istiyorsak, mutlaka depolayabilmemiz gerekir. Peki neden?","Grafiğe [25] baktığımızda; Talebi, günün bazı saatlerinde karşılayamıyoruz.","KARABÜK ÜNİVERSİTESİ
MÜHENDİSLİK FAKÜLTESİ"
nb_img_050,50,bb1850e3608dd4da3cc500410de2efb5efcffab603efe4212e0ee828dd93fa55,668,297,image50.jpeg,word/media/image50.jpeg,_work/correction/extract/notebook_images/notebook_img_050_image50.jpeg,"Bu bağlamda; notta yazılmış birkaç bilgiyi doğrudan alıntılayıp, bu bilgiler üzerine yorumlar yapmak istiyorum.","Olimpiyat madalyalı bir atlet; birkaç dakika boyunca, 400 Watts güç üretebilir.","KARABÜK ÜNİVERSİTESİ
MÜHENDİSLİK FAKÜLTESİ"
nb_img_051,51,07adaaa146430f370657a8fcff828e0576147e0ebe5c139b7feaa75bcbd1c015,382,384,image51.jpeg,word/media/image51.jpeg,_work/correction/extract/notebook_images/notebook_img_051_image51.jpeg,[27],Siemens Siship Sipod. [28] [29],"KARABÜK ÜNİVERSİTESİ
MÜHENDİSLİK FAKÜLTESİ"
nb_img_052,52,143469079495076a3c31a53f959bc29cea69b5e39457a175935ad451372daf54,404,233,image52.jpg,word/media/image52.jpg,_work/correction/extract/notebook_images/notebook_img_052_image52.jpg,[27],Siemens Siship Sipod. [28] [29],"KARABÜK ÜNİVERSİTESİ
MÜHENDİSLİK FAKÜLTESİ"
nb_img_053,53,f96b392c2a902deb6a8484ff32b7f957e5eabed56e7fffe1036c429805613d6c,442,242,image53.jpg,word/media/image53.jpg,_work/correction/extract/notebook_images/notebook_img_053_image53.jpg,[27],Siemens Siship Sipod. [28] [29],"KARABÜK ÜNİVERSİTESİ
MÜHENDİSLİK FAKÜLTESİ"
nb_img_054,54,4a8b4b086351435950c50f1007ad2a7bef5d43c567939452983097a97c65b803,311,265,image54.jpeg,word/media/image54.jpeg,_work/correction/extract/notebook_images/notebook_img_054_image54.jpeg,[27],Siemens Siship Sipod. [28] [29],"KARABÜK ÜNİVERSİTESİ
MÜHENDİSLİK FAKÜLTESİ"
nb_img_055,55,79472020470d02dde7573f33140849e229f5fd5a61775089f2cfa0358548d66f,301,473,image55.jpg,word/media/image55.jpg,_work/correction/extract/notebook_images/notebook_img_055_image55.jpg,"İmza, Kaşe","Kendi boy, kilo, yaş bilgilerini girdikten sonra Orta haraketlilik haftada 4-5 gün spor seçeneğinde = 2590 cal/gün kalori ihtiyacımın olduğunu hesapladım. [30]","KARABÜK ÜNİVERSİTESİ
MÜHENDİSLİK FAKÜLTESİ"
nb_img_056,56,384d29f7814b4b7d926b82cf51a80c22fffe7bbfd5a962918d6df3ea108c9a29,627,428,image56.jpeg,word/media/image56.jpeg,_work/correction/extract/notebook_images/notebook_img_056_image56.jpeg,Normal bir at için:,Kaynakta da görüldüğü gibi haftada 4-5 gün 1.5 saatlik hareketlilikle atın günlük kalori ihtiyacı 25000cal/gün. [31],"KARABÜK ÜNİVERSİTESİ
MÜHENDİSLİK FAKÜLTESİ"
nb_img_057,57,c9ef1fe0998fac99dca75bef9d59c38148c39fe172014094f4834b3fdc4cf3df,839,116,image57.jpg,word/media/image57.jpg,_work/correction/extract/notebook_images/notebook_img_057_image57.jpg,Normal bir at için:,Kaynakta da görüldüğü gibi haftada 4-5 gün 1.5 saatlik hareketlilikle atın günlük kalori ihtiyacı 25000cal/gün. [31],"KARABÜK ÜNİVERSİTESİ
MÜHENDİSLİK FAKÜLTESİ"
nb_img_058,58,cf130a5c12e24a06e2af841ccadfde79d638bbc45344ff5b23b6b03279270c89,322,206,image58.png,word/media/image58.png,_work/correction/extract/notebook_images/notebook_img_058_image58.png,Oldukça şaşırmıştım cevaba.,"Anıl Bey’in anlatıklarından sonra zihnimde bu basit devre [32] canlandı ve bunun mantığını doğrulatmak amacıyla, şu soruyu sordum sordum kendisine:","KARABÜK ÜNİVERSİTESİ
MÜHENDİSLİK FAKÜLTESİ"
