kind,source_anchor,source_excerpt,source_image_id,suggested_target_file,confidence,notes
missing_text,notebook_block_0012,KARABÜK ÜNİVERSİTESİ MÜHENDİSLİK FAKÜLTESİ,,README.md,0.631,En yakın repo bloğu: docs/tarih-olcek-ve-bakim.md; skor=0.369; repo_excerpt=> Peki neden elektrik üretimini bırakıp santrali müzeye çevirdik? Cevabı aşikar olsa da.
missing_text,notebook_block_0032,"Servis, yemek, vb. sosyal hizmetleri:",,README.md,0.593,En yakın repo bloğu: docs/hidrojen-ve-enerji-depolama.md; skor=0.407; repo_excerpt=Bence ikisi de fazla hızlı.
missing_text,notebook_block_0038,İş Yeri Yetkilisinin Adı Soyadı:,,README.md,0.587,"En yakın repo bloğu: docs/hidrojen-ve-enerji-depolama.md; skor=0.413; repo_excerpt=## Slogan Değil, Bedelini de Sormak"
missing_text,notebook_block_0044,Kontrol Eden Öğretim Elemanın Adı Soyadı:,,README.md,0.606,"En yakın repo bloğu: docs/hidrojen-ve-enerji-depolama.md; skor=0.394; repo_excerpt=## Slogan Değil, Bedelini de Sormak"
missing_text,notebook_block_0050,"Siemens Enerji, 2020 yılında kurulan yeni bir şirket olsa da köklerini 1866 yılından beri faaliyetine devam Siemens’ten alıyor. 90 ülkede 90 bin çalışanı var. Şirketin örgütsel yapısı ise şöyledir.",,docs/tarih-olcek-ve-bakim.md,0.673,"En yakın repo bloğu: docs/hidrojen-ve-enerji-depolama.md; skor=0.327; repo_excerpt=Enerji ihtiyacımızı sadece yenilenebilir kaynaklardan elde etmek istiyorsak, mutlaka depolama meselesiyle yüzleşmemiz g…"
missing_text,notebook_block_0051,"Generation Bölümü: Elektrik enerjisi üretmek için kullanılan büyük gaz ve buhar türbinleri, jeneratörler, anahtar-teslimi enerji santralleri, kontrol sistemleri, bu güç santrallerinin bakım ve tamiri, modernleştirme ve dijitalleştirme hizm…",,docs/verimlilik-hipotez-ve-insan-makine.md,0.670,En yakın repo bloğu: docs/verimlilik-hipotez-ve-insan-makine.md; skor=0.330; repo_excerpt=*Şekil 2. Yük bağlı devre fikrini basitçe düşünmek için kullandığım görsel. Jeneratörün fiziksel olarak tam modeli deği…
missing_text,notebook_block_0052,"Industrial Applications: Endüstride kullanılan kompresörler, gaz ve buhar türbinleri, jeneratörlerlerin satışı, çözümleri ve servisi.",,docs/verimlilik-hipotez-ve-insan-makine.md,0.658,"En yakın repo bloğu: docs/hidrojen-ve-enerji-depolama.md; skor=0.342; repo_excerpt=> Kaybettiğimiz enerji ne zaman, nerede ve hangi alternatiflere göre kayıp?"
missing_text,notebook_block_0053,"Transmission: Hava ve gaz yalıtımlı şalt cihazları, transformatörler, buşingler gibi ürünler, elektrifikasyon, iletim, dağıtım çözümleri.",,README.md,0.667,En yakın repo bloğu: docs/verimlilik-hipotez-ve-insan-makine.md; skor=0.333; repo_excerpt=Lorentz kuvveti de bu sezginin elektromanyetik tarafını hatırlatıyor:
missing_text,notebook_block_0054,"New Energy Business: Hidrojen (elektroliz), enerji depolama (batarya, hidrojen, ısı), ısı pompası.",,docs/hidrojen-ve-enerji-depolama.md,0.519,"En yakın repo bloğu: README.md; skor=0.481; repo_excerpt=2. [Hidrojen, Enerji Dönüşümü ve Depolama](docs/hidrojen-ve-enerji-depolama.md)"
missing_text,notebook_block_0055,"Siemens Gamesa Renewable Enegy: Rüzgâr türbinleri. Özellikle Offshore’da rakiplerine göre daha iyi bir konumdadır. Şu anda Siemens Enerji, Siemens Gamesa’nın %67’lik hissesinin sahibidir.",,docs/tarih-olcek-ve-bakim.md,0.668,"En yakın repo bloğu: docs/tarih-olcek-ve-bakim.md; skor=0.332; repo_excerpt=Benzer şekilde, bir dinozor türünün kaç metre olduğunu okumak başka şey; yanında insan siluetiyle görmek başka şey. Bir…"
missing_text,notebook_block_0057,Siemens & Halske Telgraf yapım şirketi olarak 1847 yılında Berlin’de kuruldu. Kuruluşundan sadece 11 yıl (1856’da) sonra ülkemizdeki (Osmanlı İmparatorluğu’nda) ilk telgraf sistemini kurarak faaliyetlerine başladı. Döneminin interneti sayı…,,docs/verimlilik-hipotez-ve-insan-makine.md,0.745,En yakın repo bloğu: docs/verimlilik-hipotez-ve-insan-makine.md; skor=0.255; repo_excerpt=Yine de kaba hesabı yapmak istedim. Çünkü bazen bir hipotezin zayıf olduğunu anlamak için onu biraz zorlamak gerekiyor.…
missing_text,notebook_block_0060,"İstanbul’un elektrik ihtiyacını karşılama amacıyla 1914 yılında kurulan kömür yakıtlı termik santral, 1983 yılına kadar elektrik üretiminde devam etmiş. Günümüzde de müze olarak kullanılıyor. [1] Peki neden elektrik üretimini bırakıp santr…",,docs/tarih-olcek-ve-bakim.md,0.536,En yakın repo bloğu: docs/tarih-olcek-ve-bakim.md; skor=0.464; repo_excerpt=> Peki neden elektrik üretimini bırakıp santrali müzeye çevirdik? Cevabı aşikar olsa da.
missing_text,notebook_block_0061,"Enerji Bakanlığı’nın Termik ve Hidroelektrik Santrallerinde Enerji Verimliliği (2020) adlı araştırma raporundan bir sonuç, Elektrik Santrali’nin 69 yaşında iken emekli edilmesini açıklıyor olabilir. [2]",,docs/tarih-olcek-ve-bakim.md,0.638,"En yakın repo bloğu: docs/verimlilik-hipotez-ve-insan-makine.md; skor=0.362; repo_excerpt=Azami etkililik ve etkinlik, tek başına zeki operatörde ya da tek başına iyi yazılımda değil; ikisinin birlikte doğru ç…"
missing_text,notebook_block_0071,Siemens’in ürünleri ile çalışan Silahtarağa Elektrik Santrali ve onun günümüzdeki modern izdüşümü,,docs/tarih-olcek-ve-bakim.md,0.540,En yakın repo bloğu: docs/tarih-olcek-ve-bakim.md; skor=0.460; repo_excerpt=## Silahtarağa: Bir Santral Ne Zaman Eski Olur?
missing_text,notebook_block_0081,Eskişehir ve Turhal Şeker Fabrikalarının Buhar Türbinleri (1935),,docs/tarih-olcek-ve-bakim.md,0.456,"En yakın repo bloğu: docs/tarih-olcek-ve-bakim.md; skor=0.544; repo_excerpt=## Eskişehir ve Turhal: Dayanıklılık, Bakım ve Kaynağı Zayıf Bir Tanıklık"
missing_text,notebook_block_0082,"Eskişehir Şeker Fabrikası'ndan emekli olmuş bir çalışanın, konuyla ilgili, ilk elden tanık olduğu bir olayı yazmak istiyorum. * :? İki nokta mı olmalı?",,README.md,0.668,"En yakın repo bloğu: docs/tarih-olcek-ve-bakim.md; skor=0.332; repo_excerpt=*Şekil 1. Silahtarağa Santrali. Burada şirket tarihi anlatmaktan çok, bir enerji altyapısının zamanla nasıl başka bir a…"
missing_text,notebook_block_0083,"“Çalıştığı dönemde (Belki 30 sene önce) Eskişehir'deki fabrikaya, bir firmadan Alman mühendisler ziyarete gelir(Başka bir makine için.). Orada, 70 senelik Siemens buhar türbinlerinin halen çalışıyor olmasına bir hayli şaşırmışlar. Ve orada…",,docs/tarih-olcek-ve-bakim.md,0.756,En yakın repo bloğu: docs/tarih-olcek-ve-bakim.md; skor=0.244; repo_excerpt=Defterde Eskişehir ve Turhal Şeker Fabrikalarının 1935 tarihli buhar türbinlerinden de bahsetmiştim. Eskişehir Şeker Fa…
missing_text,notebook_block_0084,[4]Almanların kalite anlayışına bir de sevimli olmayan bir örnek vermek istiyorum. 2.Dünya Savaşı sırasında alman savunma sanayii ürünlerinin kalitesi kendileri açısından bir sorun bile yaratmış. Fabrikadan çıkar çıkmaz cepheye sevk edilen…,,README.md,0.792,En yakın repo bloğu: docs/tarih-olcek-ve-bakim.md; skor=0.208; repo_excerpt=Bu soruların hepsi aynı yere bağlanıyor gibi: Makineye sadece teknik özellikleriyle bakınca bir şeyler eksik kalıyor. Ç…
missing_text,notebook_block_0086,"%51 Dünya Etkinlik Rekoru, Dizel Yakıtla çalışıyor.",,docs/verimlilik-hipotez-ve-insan-makine.md,0.585,"En yakın repo bloğu: docs/hidrojen-ve-enerji-depolama.md; skor=0.415; repo_excerpt=""Hidrojen geleceğin temiz yakıtıdır."""
missing_text,notebook_block_0087,Samsun Doğalgaz Çevrim Enerji Santrali(2015),,docs/tarih-olcek-ve-bakim.md,0.565,"En yakın repo bloğu: docs/hidrojen-ve-enerji-depolama.md; skor=0.435; repo_excerpt=## Slogan Değil, Bedelini de Sormak"
missing_text,notebook_block_0094,Siemens Enerji’nin Finansal Göstergelerini Anlamaya Çalışmak,,docs/tarih-olcek-ve-bakim.md,0.579,"En yakın repo bloğu: docs/tarih-olcek-ve-bakim.md; skor=0.421; repo_excerpt=İşletme saati, makinenin gerçek çalışma süresi. Örneğin:"
missing_text,notebook_block_0098,"Siemens Enerji’nin 2021 yılına ait gelir, gider ve birikmiş sipariş rakamları aşağıdaki gibidir.",,docs/tarih-olcek-ve-bakim.md,0.623,"En yakın repo bloğu: docs/tarih-olcek-ve-bakim.md; skor=0.377; repo_excerpt=Staj defterinde Siemens Energy'nin 2021 yılına ait gelir, sipariş ve birikmiş sipariş rakamlarına bakmıştım. ""Order bac…"
missing_text,notebook_block_0099,"(Order Backlog) Birikmiş Sipariş: değerinin yüksek olmasının önemli olduğu, şirket yakın dönemde yeni sipariş almasa dahi, uzun dönemli bakım anlaşmalarının çok olmasının, şirketi mali açıdan sağlam kılıp kırılganlığını azalttığı türünden…",,docs/tarih-olcek-ve-bakim.md,0.670,"En yakın repo bloğu: docs/tarih-olcek-ve-bakim.md; skor=0.330; repo_excerpt=*Şekil 1. Silahtarağa Santrali. Burada şirket tarihi anlatmaktan çok, bir enerji altyapısının zamanla nasıl başka bir a…"
missing_text,notebook_block_0100,"(Orders) Sipariş ve Revenue Gelir rakamlarını, ilk okuduğumda, şirketin ne kadar büyük olduğunu anlayamamıştım. Tek başına rakamlar, o alanın uzmanı olmayan birisi için çok da anlamlı olmayabilir. Bilinmeyen bir şeyi, bilinen bir şey ile k…",,docs/tarih-olcek-ve-bakim.md,0.713,"En yakın repo bloğu: docs/tarih-olcek-ve-bakim.md; skor=0.287; repo_excerpt=Benzer şekilde, bir dinozor türünün kaç metre olduğunu okumak başka şey; yanında insan siluetiyle görmek başka şey. Bir…"
missing_text,notebook_block_0101,"Resimdeki küçük elektronik cihaz, üreticisi tarafından “TINY GPS LOGGER FOR THE INTERNET OF ANIMALS” etiketiyle satılıyor. Muhtemelen bu ürün, rakiplerinden küçüklük özelliği açısından öndedir. Çünkü potansiyel müşterilerinin, ürünün ne ka…",,README.md,0.734,"En yakın repo bloğu: README.md; skor=0.266; repo_excerpt=Bu repo'da büyük ve cilalı sonuç cümleleri beklememek daha doğru olur. Bazı yerlerde soru var, bazı yerlerde itiraz var…"
missing_text,notebook_block_0102,"Bir dinozor bilimci ya da bir [SANSÜR] değilsek, yukarıdaki [3] dinozor türlerinin büyüklüklerini ölçekli insan şekli olmadan anlamamız kolay olmazdı.",,docs/tarih-olcek-ve-bakim.md,0.632,En yakın repo bloğu: docs/kaynakca-ve-sekil-notlari.md; skor=0.368; repo_excerpt=Bu bölümdeki kaynakların bir kısmı final görsellerde kullanılmadı. Staj defterinin kaynakça izini korumak için burada t…
missing_text,notebook_block_0108,Siemens Enerji’nin Cirosunu Anlamaya Çalışmak,,docs/tarih-olcek-ve-bakim.md,0.556,En yakın repo bloğu: docs/hidrojen-ve-enerji-depolama.md; skor=0.444; repo_excerpt=# Hidrojen ve Enerji Depolama
missing_text,notebook_block_0113,"Siemens Enerji ile aynı büyüklükte ciro yapan (30 Milyar EURO) bir şirket bulmak için İstanbul Sanayi Odası’nın ‘Türkiye’nin En Büyük İlk 500 Şirketi’nin sıralandığı iso500 dizinine baktım. Fakat, denklemin sağ tarafına, iso500’un [4]bir n…",,docs/tarih-olcek-ve-bakim.md,0.714,"En yakın repo bloğu: README.md; skor=0.286; repo_excerpt=Siemens'in Türkiye'deki tarihsel izlerinden başlayıp santral yaşı, ölçek anlatımı ve gaz türbini bakımının işletme tara…"
missing_text,notebook_block_0114,"Ardından, aklıma o ünlü ‘Fortune Global 500 Listesi’ geldi. [5] Orayı incelediğimde; eşitlik denklemini, doğru yapabilecek bir çözüm bulabildim.",,README.md,0.637,"En yakın repo bloğu: docs/verimlilik-hipotez-ve-insan-makine.md; skor=0.363; repo_excerpt=Ama buradan ""öyleyse insanın rolü azaldıkça sistem daha iyi olur"" sonucuna doğrudan gitmek bana fazla aceleci geliyor."
missing_text,notebook_block_0122,Siemens Enerji’nin Cirosunu Anlamaya Çalışmak,,docs/tarih-olcek-ve-bakim.md,0.556,En yakın repo bloğu: docs/hidrojen-ve-enerji-depolama.md; skor=0.444; repo_excerpt=# Hidrojen ve Enerji Depolama
missing_text,notebook_block_0126,"Bu arada, Siemens Enerji’nin, Siemens Ailesi’nden ayrılan küçük(!) kardeş olduğunu da hatırlatalım.",,docs/tarih-olcek-ve-bakim.md,0.592,En yakın repo bloğu: README.md; skor=0.408; repo_excerpt=# Siemens Energy Stajından Sistem Düşüncesi Notları
missing_text,notebook_block_0127,"Siemens Enerji’nin ciro büyüklüğü üzerinde fazlaca durmamın, ülkemizdeki şirketlerle karşılaştırmamın (Biri anlatım kolaylığı idi.) diğer bir sebebi de; zengin ülkeler ligine girebilmemiz için, kat etmemiz gereken mesafenin uzunluğu göster…",,docs/verimlilik-hipotez-ve-insan-makine.md,0.704,"En yakın repo bloğu: docs/hidrojen-ve-enerji-depolama.md; skor=0.296; repo_excerpt=Defterde beni ilk düşündüren nokta buydu: Hidrojen temiz yanan bir molekül olabilir, ama onu üretme biçimimiz temiz değ…"
missing_text,notebook_block_0138,"Gaz türbinleri hakkında bilgilendirme toplantısında, gaz türbinlerinin bakım ihtiyacından bahsedildi. 300MW güç üretebilen bir gaz türbininin bakımında; 250 kişi, 25-45 gün boyunca çalışıyormuş. Gaz türbinin çalışmadığı bu süre, işletmeci…",,docs/tarih-olcek-ve-bakim.md,0.654,"En yakın repo bloğu: README.md; skor=0.346; repo_excerpt=Bilinmeyen bir şeyi bilinen bir şeyle kıyaslamaya çalışıyorum. Bazen bir grafikten, bazen bir bakım süresinden, bazen b…"
missing_text,notebook_block_0139,"Öyleyse; “ihtiyaç duyulan bakım saati süresi” (Ne kadar az, o kadar iyi.) bir ürünün başarım ölçütlerinden birisi olabilir.",,docs/tarih-olcek-ve-bakim.md,0.227,"En yakın repo bloğu: docs/tarih-olcek-ve-bakim.md; skor=0.773; repo_excerpt=> İhtiyaç duyulan bakım süresi, bir ürünün başarım ölçütlerinden biri olabilir mi?"
missing_text,notebook_block_0140,Ayrıca; ‘Eşdeğer işletme saati’ ile ‘işletme saati’ kavramları arasındaki fark vurgulandı.,,README.md,0.532,En yakın repo bloğu: docs/tarih-olcek-ve-bakim.md; skor=0.468; repo_excerpt=## İşletme Saati ve Eşdeğer İşletme Saati
missing_text,notebook_block_0142,"Eşdeğer işletme saati: Makinenin maruz kaldığı aşırı yükler, ani durumlar vd. olumsuz etkilerin dikkate alınmış olduğu bir çalışma saati hesaplamasıdır.",,README.md,0.295,"En yakın repo bloğu: docs/tarih-olcek-ve-bakim.md; skor=0.705; repo_excerpt=Eşdeğer işletme saati ise makinenin maruz kaldığı aşırı yükler, ani durumlar ve yıpratıcı çalışma koşulları dikkate alı…"
missing_text,notebook_block_0152,New Business : Hidrojen Yakıt ve Geleceği,,docs/hidrojen-ve-enerji-depolama.md,0.534,"En yakın repo bloğu: docs/hidrojen-ve-enerji-depolama.md; skor=0.466; repo_excerpt=""Hidrojen geleceğin temiz yakıtıdır."""
missing_text,notebook_block_0156,"Yeşil hidrojen, yalnızca yenilebilir enerjiden üretilen bir hidrojendir. Bu yeşil hidrojenin en büyük özelliği, temiz yanan bir molekül olmasıdır. Hidrojen evleri ısıtmakta ya da yenilebilir enerjiyi depolamakta kullanılabilir. (İhtiyaç fa…",,docs/hidrojen-ve-enerji-depolama.md,0.642,"En yakın repo bloğu: docs/hidrojen-ve-enerji-depolama.md; skor=0.358; repo_excerpt=Bu yüzden hidrojen bölümünden bana kalan şey, hidrojeni sevmek veya sevmemek değil. Daha çok, teknolojiye sloganla bakı…"
missing_text,notebook_block_0157,"Eğer karbon salınımını sıfıra indirmek istiyorsak, Hidrojen kullanmaktan başka bir çaremiz yok. Sadece yenilebilir enerji ile dünyadaki toplam karbon salınımını en fazla %50-%60 azaltabiliriz.",,docs/hidrojen-ve-enerji-depolama.md,0.620,"En yakın repo bloğu: docs/verimlilik-hipotez-ve-insan-makine.md; skor=0.380; repo_excerpt=```text Eğer çeki hayvanı insanın yaklaşık 10 katı iş üretiyorsa, ama insanın 10 katından daha az kalori alıyorsa, o za…"
missing_text,notebook_block_0159,Çünkü birçok sanayi kuruluşu çalışırken karbon salmaya devam ediyor olacak.,,README.md,0.600,"En yakın repo bloğu: docs/hidrojen-ve-enerji-depolama.md; skor=0.400; repo_excerpt=## Hidrojen Temiz Yanıyor, Ama Temiz Elde Edilmiyor Olabilir"
missing_text,notebook_block_0162,"Hidrojen çok reaktif olduğu için doğada tek başına bulunmaz, diğer elementlerle hemen bağ kurar. Su gibi. O yüzden hidrojeni elde etmek için yoğun enerji harcamak gerekir. Hidrojen temiz bir molekül olmasına rağmen, bu hidrojeni elde edebi…",,docs/hidrojen-ve-enerji-depolama.md,0.572,En yakın repo bloğu: docs/hidrojen-ve-enerji-depolama.md; skor=0.428; repo_excerpt=Hidrojen çok reaktif olduğu için doğada tek başına bulunmuyor; su gibi başka bileşiklerin içinde bulunuyor. Bu yüzden h…
missing_text,notebook_block_0163,Öyle ki hidrojen üretimi için salınan karbon miktarı = İngiltere ve Endonezya’nın karbon salınımı kadar.,,docs/hidrojen-ve-enerji-depolama.md,0.604,"En yakın repo bloğu: README.md; skor=0.396; repo_excerpt=Bu yüzden repo daha az dosyadan oluşuyor. Az olsun, ama her dosyanın bir derdi olsun istedim."
missing_text,notebook_block_0174,Hidrojeni üretmenin birçok yöntemi vardır. Ancak bu üretimin büyük çoğunluğu fosil yakıtlarladır. (İngiltere + Endonezya).,,docs/hidrojen-ve-enerji-depolama.md,0.592,"En yakın repo bloğu: README.md; skor=0.408; repo_excerpt=Hidrojeni sadece temiz yakıt etiketiyle değil; üretim yolu, dönüşüm kayıpları, sistem sınırı ve depolama ihtiyacıyla bi…"
missing_text,notebook_block_0175,Kahverengi Hidrojen: Gazlaştırma olarak bilinen bir işlemde kömür ile yapılır.,,docs/hidrojen-ve-enerji-depolama.md,0.582,"En yakın repo bloğu: docs/hidrojen-ve-enerji-depolama.md; skor=0.418; repo_excerpt=""Hidrojen geleceğin temiz yakıtıdır."""
missing_text,notebook_block_0176,"Gri Hidrojen: Doğalgazdan, fosil yakıtlardan üretilir.",,docs/hidrojen-ve-enerji-depolama.md,0.529,"En yakın repo bloğu: docs/hidrojen-ve-enerji-depolama.md; skor=0.471; repo_excerpt=Hidrojenin bana daha anlamlı gelen tarafı araç yakıtı olmasından çok, depolama ihtimaliydi."
missing_text,notebook_block_0177,"Kahverengi Hidrojen ve Gri Hidrojen üretim yönteminde büyük miktarda CO2 açığa çıkıyor. Bu iki yöntemin, çevrecilik açısından durumu, dizel jeneratörlerle şarj edilen elektrikli arabalara benziyor sanki. ([SANSÜR]’in bir anlatımından i…",,docs/hidrojen-ve-enerji-depolama.md,0.663,"En yakın repo bloğu: docs/hidrojen-ve-enerji-depolama.md; skor=0.337; repo_excerpt=Bu yüzden hidrojen bölümünden bana kalan şey, hidrojeni sevmek veya sevmemek değil. Daha çok, teknolojiye sloganla bakı…"
missing_text,notebook_block_0187,"Mavi Hidrojen: Yine fosil yakıtlardan üretiliyor, fakat C02’yi tutup, saklayabiliyoruz.",,docs/hidrojen-ve-enerji-depolama.md,0.525,"En yakın repo bloğu: docs/hidrojen-ve-enerji-depolama.md; skor=0.475; repo_excerpt=## Hidrojen Temiz Yanıyor, Ama Temiz Elde Edilmiyor Olabilir"
missing_text,notebook_block_0188,"Yeşil Hidrojen: Elektroliz yönteminde, elektrik akımını kullanarak, suyu, bileşenlerine ayırırız. Eğer kullandığımız elektrik de yenilebilir enerjilerden üretilmişse, güneş ve rüzgar gibi, o zaman yeşil hidrojen olarak sınıflandırabiliriz.",,docs/hidrojen-ve-enerji-depolama.md,0.671,En yakın repo bloğu: docs/tarih-olcek-ve-bakim.md; skor=0.329; repo_excerpt=*Şekil 5. Bu görsel bakım süresi bilgisini kanıtlamıyor. Sadece gaz türbini bakımının küçük bir servis işi olmadığını s…
missing_text,notebook_block_0195,Hidrojenin Kullanım Alanlarını Öğrenme ve Ülkelerin Teşvikleri,,docs/hidrojen-ve-enerji-depolama.md,0.500,En yakın repo bloğu: docs/hidrojen-ve-enerji-depolama.md; skor=0.500; repo_excerpt=## Kullanım Alanları: Araçtan Önce Sanayiye Bakmak
missing_text,notebook_block_0199,Hidrojen Nerelerde Kullanılıyor?,,docs/hidrojen-ve-enerji-depolama.md,0.444,"En yakın repo bloğu: docs/hidrojen-ve-enerji-depolama.md; skor=0.556; repo_excerpt=""Hidrojen verimsizdir, o yüzden anlamsızdır."""
missing_text,notebook_block_0204,"Yeşil hidrojenin üretim ve depolanması alanındaki son gelişmeler ve sürdürülebilirliğin önemine dair artan küresel bilinç; yeşil hidrojenin, şirketler (Siemens Enerji de dahil.), ülkeler ve AB gibi kurumlar indinde önemini arttırmıştır.",,docs/hidrojen-ve-enerji-depolama.md,0.650,"En yakın repo bloğu: README.md; skor=0.350; repo_excerpt=2. [Hidrojen, Enerji Dönüşümü ve Depolama](docs/hidrojen-ve-enerji-depolama.md)"
missing_text,notebook_block_0205,"Örneğin, AB’nin Yeşil Anlaşması’nda; 10 yıl içinde harcamayı planladığı 1 Trilyon doların yaklaşık yarısı ‘Hidrojen’ için harcanması öngörülüyor.",,docs/hidrojen-ve-enerji-depolama.md,0.654,"En yakın repo bloğu: docs/hidrojen-ve-enerji-depolama.md; skor=0.346; repo_excerpt=Benim için mesele ""batarya mı hidrojen mi?"" diye tek cevaplı bir yarış değil. Kullanım bağlamı önemli:"
missing_text,notebook_block_0206,"Çin, G.Kore ve Japonya’nın hidrojen-temiz enerji yatırım açıklamaları.",,docs/hidrojen-ve-enerji-depolama.md,0.537,En yakın repo bloğu: docs/hidrojen-ve-enerji-depolama.md; skor=0.463; repo_excerpt=# Hidrojen ve Enerji Depolama
missing_text,notebook_block_0207,Benzer şekilde ABD de 2050 yılına kadar ‘%100 Temiz Enerji Ekonomi’ hedefine ulaşmak için 1.7 Trilyon dolarlık yatırım yapmayı vaat etmiş. (4 Temmuz 2019),,docs/verimlilik-hipotez-ve-insan-makine.md,0.652,"En yakın repo bloğu: docs/hidrojen-ve-enerji-depolama.md; skor=0.348; repo_excerpt=Yani soru benim için şuna dönüyor: Hangi enerji formu, hangi iş için, hangi kayıplarla ve hangi altyapıyla daha anlamlı?"
missing_text,notebook_block_0214,"ABD’deki Hidrojen Yatırımlarının, Geçmişteki Güneş Enerjisi Yatırımlarını Hatırlatması",,docs/hidrojen-ve-enerji-depolama.md,0.607,En yakın repo bloğu: docs/hidrojen-ve-enerji-depolama.md; skor=0.393; repo_excerpt=# Hidrojen ve Enerji Depolama
missing_text,notebook_block_0218,"4 Temmuz 2019’dan yaklaşık bir sene sonra ABD Enerji Bakanlığı, NREL kurumunun öncülüğünde hidrojen üretimi ve yakıt hücrelerinde ar-ge faaliyetleri için 100 milyon dolar ayırdığını ilan etmiş.",,docs/hidrojen-ve-enerji-depolama.md,0.643,"En yakın repo bloğu: docs/hidrojen-ve-enerji-depolama.md; skor=0.357; repo_excerpt=*Şekil 4. Bu görsel benim için şu soruyu açıyor: Talep ile üretim aynı saatlerde örtüşmüyorsa, fazla enerjiyi ne yapaca…"
missing_text,notebook_block_0219,"‘NREL’ adı ve logosunu daha önce, Delftx Üniversitesi’ndeki Solar Energy ET3034TUx dersine çalışırken de görmüştüm.",,README.md,0.691,"En yakın repo bloğu: docs/tarih-olcek-ve-bakim.md; skor=0.309; repo_excerpt=Ama benim zihnimde hepsi aynı alışkanlığa bağlanıyor: Bir şeyi tek başına değil, ilişkileriyle anlamaya çalışma."
missing_text,notebook_block_0220,O dersten bir ekran görüntüsü. ‘NREL Chart’ 2014 yılına ait.,,README.md,0.625,"En yakın repo bloğu: docs/kaynakca-ve-sekil-notlari.md; skor=0.375; repo_excerpt=Bazı ekran görüntüleri final yazılara doğrudan alınmadı. Onların yerine metin, tablo veya LaTeX kullanıldı."
missing_text,notebook_block_0221,Dikey eksen: Güneş hücresinin verimlilik yüzdesi.,,docs/verimlilik-hipotez-ve-insan-makine.md,0.591,"En yakın repo bloğu: docs/hidrojen-ve-enerji-depolama.md; skor=0.409; repo_excerpt=""Hidrojen verimsizdir, o yüzden anlamsızdır."""
missing_text,notebook_block_0223,Farklı tür teknolojilere sahip güneş pillerinin verimliliklerinin yıllara göre artışını gösteriyor.,,docs/verimlilik-hipotez-ve-insan-makine.md,0.608,En yakın repo bloğu: docs/verimlilik-hipotez-ve-insan-makine.md; skor=0.392; repo_excerpt=| Kavram | Kısa anlamı | |---|---| | Etkililik | Doğru işi yapmak | | Etkinlik | İşi doğru yapmak | | Verimlilik | Çıkt…
missing_text,notebook_block_0233,2022 yılına ait güncel PV Hücresi etkinlik çizelgesi,,docs/verimlilik-hipotez-ve-insan-makine.md,0.644,En yakın repo bloğu: README.md; skor=0.356; repo_excerpt=# Siemens Energy Stajından Sistem Düşüncesi Notları
missing_text,notebook_block_0234,"Ayrıca, NREL’in sitesinden güncel çizelgeyi indirdiğimde [19] ; fark ettiğim, olumlu değişimi de vurgulamak istiyorum.",,README.md,0.655,"En yakın repo bloğu: docs/hidrojen-ve-enerji-depolama.md; skor=0.345; repo_excerpt=Defterde beni ilk düşündüren nokta buydu: Hidrojen temiz yanan bir molekül olabilir, ama onu üretme biçimimiz temiz değ…"
missing_text,notebook_block_0236,• Güneş hücresinin bütün türlerinde verimlilikler artmış,,docs/verimlilik-hipotez-ve-insan-makine.md,0.549,"En yakın repo bloğu: docs/tarih-olcek-ve-bakim.md; skor=0.451; repo_excerpt=> İhtiyaç duyulan bakım süresi, bir ürünün başarım ölçütlerinden biri olabilir mi?"
missing_text,notebook_block_0237,• Yeni güneş hücresi türleri eklenmiş.,,README.md,0.564,En yakın repo bloğu: README.md; skor=0.436; repo_excerpt=## Okurken Ne Beklemeli?
missing_text,notebook_block_0238,• Ar-ge yapan şirket/kurum/üniversitesi sayısı artmış,,README.md,0.574,En yakın repo bloğu: docs/kaynakca-ve-sekil-notlari.md; skor=0.426; repo_excerpt=## LaTeX / Markdown ile Yeniden Kurulan Kısımlar
missing_text,notebook_block_0249,"Hidrojenin kendisi doğrudan bir enerji kaynağı değildir. ‘Hyrogen fuel call stack’ adındaki bir cihaz, hidrojeni ve O2’yi kullanarak elektrik akımına dönüştürüyor. Bu akım da elektrik motorunda kullanılıyor. Ve arabaya güç sağlıyor. Bu sür…",,docs/hidrojen-ve-enerji-depolama.md,0.663,"En yakın repo bloğu: docs/hidrojen-ve-enerji-depolama.md; skor=0.337; repo_excerpt=*Şekil 1. Hidrojen renkleri burada uzun bir tanım listesi olsun diye durmuyor. ""Temiz hidrojen"" dediğimiz şeyin üretim…"
missing_text,notebook_block_0250,"Peki, neden elektrikli arabalar yerine hidrojenli arabaları tercih edelim?",,docs/hidrojen-ve-enerji-depolama.md,0.564,En yakın repo bloğu: docs/hidrojen-ve-enerji-depolama.md; skor=0.436; repo_excerpt=Bu soruların cevabı değiştikçe hidrojenin anlamı da değişiyor.
missing_text,notebook_block_0251,"Hidrojenlinin yakıt hücresini doldurmak 5 dakika,",,docs/hidrojen-ve-enerji-depolama.md,0.537,"En yakın repo bloğu: docs/hidrojen-ve-enerji-depolama.md; skor=0.463; repo_excerpt=""Hidrojen geleceğin temiz yakıtıdır."""
missing_text,notebook_block_0252,Elektriklinin bataryasını doldurmak 45 dakika,,docs/hidrojen-ve-enerji-depolama.md,0.520,En yakın repo bloğu: docs/hidrojen-ve-enerji-depolama.md; skor=0.480; repo_excerpt=Bu eleştiri önemli. Hatta ilk bakışta oldukça ikna edici.
missing_text,notebook_block_0253,Aynı hacimdeki hidrojen deposunu ve elektrik bataryasını karşılaştırırsak;,,docs/hidrojen-ve-enerji-depolama.md,0.532,En yakın repo bloğu: docs/verimlilik-hipotez-ve-insan-makine.md; skor=0.468; repo_excerpt=Lorentz kuvveti de bu sezginin elektromanyetik tarafını hatırlatıyor:
missing_text,notebook_block_0254,"Hidrojen deposu 5 kat daha fazla enerjiye sahiptir. Bu da hidrojenli aracın menzilinin 5 kat daha fazla olması demektir. Ya da hidrojen deposunun küçülterek, aracın kullanabilir iç hacmini de arttırabiliriz.",,docs/hidrojen-ve-enerji-depolama.md,0.633,"En yakın repo bloğu: docs/tarih-olcek-ve-bakim.md; skor=0.367; repo_excerpt=Aynı toplantıda ""işletme saati"" ile ""eşdeğer işletme saati"" arasındaki fark da vurgulanmıştı. Bu ayrım küçük görünebili…"
missing_text,notebook_block_0255,"“Ağırlığın önemli olduğu uçaklarda ve uzun-mesafe yol alan yük gemilerinde hidrojen bu birim hacimde daha fazla enerji depolayabilme özelliği öne çıktığını söylüyor” CNBC’ye bilgi veren uzman.( CNBC, 2020) [20].",,docs/hidrojen-ve-enerji-depolama.md,0.668,"En yakın repo bloğu: docs/hidrojen-ve-enerji-depolama.md; skor=0.332; repo_excerpt=Hidrojenle ilgili önemli ayrımlardan biri şu: Hidrojen çoğu kullanımda doğrudan bir enerji kaynağı değil, enerji taşıyı…"
missing_text,notebook_block_0256,"Nükleer denizaltıların ya da uçak gemilerinin 30 yıl boyunca yakıt ikmali yapmadan seyir yapabildiği bilgisinden yola çıkarak; amaç, az yakıtla (küçük hacimde-ağırlıkta), çok yol gitmekse; en iyisinin nükleer yakıtla çalışabilen bir aracın…",,README.md,0.649,"En yakın repo bloğu: docs/tarih-olcek-ve-bakim.md; skor=0.351; repo_excerpt=*Şekil 1. Silahtarağa Santrali. Burada şirket tarihi anlatmaktan çok, bir enerji altyapısının zamanla nasıl başka bir a…"
missing_text,notebook_block_0257,"Biraz internet araması yaptıktan sonra gerçekten de çok küçük nükleer reaktörlerin var olduğu, henüz arabalarda, kamyonlarda kullanılmıyor olsa da Alaska gibi merkezden uzak yerlerde elektrik için kullanımda olduğunu okudum/dinledim. [21]…",,README.md,0.699,"En yakın repo bloğu: docs/hidrojen-ve-enerji-depolama.md; skor=0.301; repo_excerpt=Hidrojenle ilgili önemli ayrımlardan biri şu: Hidrojen çoğu kullanımda doğrudan bir enerji kaynağı değil, enerji taşıyı…"
missing_text,notebook_block_0258,"Zannedersem, bu türden nükleer yakıtlı araçlar, hiçbir zaman sivil kullanıma açılmaz. Gübre yapımında kullanılan birtakım maddeler bile yasak ya da kontrollü iken [24], nükleer yakıtlı kamyonu, hiçbir vatandaşa hatta ülkeye vermezler. Ters…",,README.md,0.715,"En yakın repo bloğu: docs/verimlilik-hipotez-ve-insan-makine.md; skor=0.285; repo_excerpt=Benim burada öğrendiğim şey yalnızca Lorentz yasası değildi. Daha doğrusu, Lorentz yasasının adı tek başına öğrenme anı…"
missing_text,notebook_block_0269,"Arabanın içindeyiz.Hidrojen depomuzu doldurduk.H, doğrudan bir enerji kaynağı değildir. O yüzden, Hidrojeni, arabanın içinde bulunan ‘Fuel Cell Stack’ cihazı (pahalı ) ile elektriğe çevireceğiz. Bu işlem; girdi-çıktı ilişkisi bakımından, E…",,docs/hidrojen-ve-enerji-depolama.md,0.750,"En yakın repo bloğu: docs/hidrojen-ve-enerji-depolama.md; skor=0.250; repo_excerpt=*Şekil 2. Bu görsel hidrojen zincirindeki dönüşüm kayıplarını gösteriyor. Tek başına ""hidrojen kötüdür"" demek için deği…"
missing_text,notebook_block_0270,"Hidrojeni sıkıştırdık, sıvılaştırdık. Borularla dolum yerlerine taşıdık.Hidrojeni sıkıştırdık, sıvılaştırdık. Borularla dolum yerlerine taşıdık.",,docs/hidrojen-ve-enerji-depolama.md,0.617,"En yakın repo bloğu: docs/hidrojen-ve-enerji-depolama.md; skor=0.383; repo_excerpt=Hidrojenle ilgili önemli ayrımlardan biri şu: Hidrojen çoğu kullanımda doğrudan bir enerji kaynağı değil, enerji taşıyı…"
missing_text,notebook_block_0271,Hidrojen elde edebilmek için elektrik enerjisi ürettik. Yeşil hidrojen olabilmesi için de yenilebilir kaynaklarla üretildi.Hidrojen elde edebilmek için elektrik enerjisi ürettik. Yeşil hidrojen olabilmesi için de yenilebilir kaynaklarla ür…,,docs/hidrojen-ve-enerji-depolama.md,0.629,"En yakın repo bloğu: docs/hidrojen-ve-enerji-depolama.md; skor=0.371; repo_excerpt=*Şekil 2. Bu görsel hidrojen zincirindeki dönüşüm kayıplarını gösteriyor. Tek başına ""hidrojen kötüdür"" demek için deği…"
missing_text,notebook_block_0272,"Fuel Cell Stack cihazından elde edilen akımı, elektrik motoru ile döndürme kuvvetine çevirdikFuel Cell Stack cihazından elde edilen akımı, elektrik motoru ile döndürme kuvvetine çevirdik",,README.md,0.694,"En yakın repo bloğu: README.md; skor=0.306; repo_excerpt=Etkililik, etkinlik ve verimlilik kavramlarından insan/çeki hayvanı düşünce deneyine; oradan T3000 kontrol sistemi, ope…"
missing_text,notebook_block_0273,"Boru hatları ile istasyonlara taşındı. Arabalara, hidrojeni buralardan dolduruyoruz. 2021 itibari ile 685 adet dolum ist. var. [38]Ülkemizde henüz yok.Boru hatları ile istasyonlara taşındı. Arabalara, hidrojeni buralardan dolduruyoruz. 202…",,docs/hidrojen-ve-enerji-depolama.md,0.766,"En yakın repo bloğu: docs/hidrojen-ve-enerji-depolama.md; skor=0.234; repo_excerpt=Defterde beni ilk düşündüren nokta buydu: Hidrojen temiz yanan bir molekül olabilir, ama onu üretme biçimimiz temiz değ…"
missing_text,notebook_block_0279,Hidrojenin Düşük Etkinlik Oranına Sahip Olduğu Bilgisine İtiraz,,docs/hidrojen-ve-enerji-depolama.md,0.580,En yakın repo bloğu: docs/hidrojen-ve-enerji-depolama.md; skor=0.420; repo_excerpt=![Hidrojen verimlilik zinciri](../assets/figures/hidrojen-verimlilik-zinciri.jpg)
missing_text,notebook_block_0283,"Temel aldığım kaynak, “Hidrojen enerjisinin kötü olan tarafının enerji verimliliğinin düşmesi hidrojenin verimliliği her aşamada düşüyor olmasıdır.” Diyor",,docs/hidrojen-ve-enerji-depolama.md,0.589,"En yakın repo bloğu: README.md; skor=0.411; repo_excerpt=2. [Hidrojen, Enerji Dönüşümü ve Depolama](docs/hidrojen-ve-enerji-depolama.md)"
missing_text,notebook_block_0284,"Çok emin olmadan, bu anlatılana iki açıdan itiraz edeceğim.",,README.md,0.235,"En yakın repo bloğu: docs/hidrojen-ve-enerji-depolama.md; skor=0.765; repo_excerpt=Defterde bu noktada şunu yazmıştım: Çok emin olmadan, bu anlatılana iki açıdan itiraz edeceğim."
missing_text,notebook_block_0285,"Diğer kaynaklarla üretilen enerjideki kayıplar, hidrojenden daha kötü mü?",,docs/hidrojen-ve-enerji-depolama.md,0.519,En yakın repo bloğu: docs/hidrojen-ve-enerji-depolama.md; skor=0.481; repo_excerpt=Birinci soru şu: Diğer enerji kaynaklarında kayıplar daha mı az?
missing_text,notebook_block_0286,"Kaynaktan son kullanıcıya kadar olan giden süreçte yaşanan kayıpları düşünmek yerine, son aşamayı elde edilen yararlı enerji için ne kadar para ödendi, maliyeti ne oldu, bunun için ne kadar kaynak kullandık, verimi düşük olan bir kaynaktan…",,README.md,0.722,"En yakın repo bloğu: docs/hidrojen-ve-enerji-depolama.md; skor=0.278; repo_excerpt=Burada savunmak istediğim şey ""verim önemli değil"" değil. Tam tersi, verimi ciddiye alıyorum. Ama verimi yalnız cihaz v…"
missing_text,notebook_block_0287,"Özetle hidrojende, yenilebilir kaynaktan elektriği elde ettiğimiz andan araba motorundaki itiş gücüne dönüşüne kadar hidrojenin %70’i kaybolmuş olduğu görülüyor.",,docs/hidrojen-ve-enerji-depolama.md,0.617,"En yakın repo bloğu: docs/hidrojen-ve-enerji-depolama.md; skor=0.383; repo_excerpt=*Şekil 1. Hidrojen renkleri burada uzun bir tanım listesi olsun diye durmuyor. ""Temiz hidrojen"" dediğimiz şeyin üretim…"
missing_text,notebook_block_0288,"Ancak, Enerji Bakanlığı’nın bir raporunda [2], hidrojen harici diğer enerji kaynaklarından üretilen enerji kayıplarının grafiğinde, kayıp oranını %80 olduğu yazıyor. Bu kayıp oranı, hidrojenden daha verimsiz olduğunu gösteriyor olabilir.",,docs/hidrojen-ve-enerji-depolama.md,0.621,"En yakın repo bloğu: docs/hidrojen-ve-enerji-depolama.md; skor=0.379; repo_excerpt=Hidrojenle ilgili önemli ayrımlardan biri şu: Hidrojen çoğu kullanımda doğrudan bir enerji kaynağı değil, enerji taşıyı…"
missing_text,notebook_block_0295,Hidrojenin bir diğer önemli özelliği ve sonuç,,docs/hidrojen-ve-enerji-depolama.md,0.576,En yakın repo bloğu: docs/hidrojen-ve-enerji-depolama.md; skor=0.424; repo_excerpt=> Hidrojeni hangi sistem sınırı içinde değerlendiriyoruz?
missing_text,notebook_block_0300,Hidrojenin bir başka heyecan verici uygulaması ise yenilebilir enerjiyi depolama yeteneğidir.,,docs/hidrojen-ve-enerji-depolama.md,0.546,En yakın repo bloğu: docs/hidrojen-ve-enerji-depolama.md; skor=0.454; repo_excerpt=# Hidrojen ve Enerji Depolama
missing_text,notebook_block_0302,"Grafiğe [25] baktığımızda; Talebi, günün bazı saatlerinde karşılayamıyoruz.",,README.md,0.534,"En yakın repo bloğu: docs/tarih-olcek-ve-bakim.md; skor=0.466; repo_excerpt=> İhtiyaç duyulan bakım süresi, bir ürünün başarım ölçütlerinden biri olabilir mi?"
missing_text,notebook_block_0303,"Hatta öyle ki; mevcut kurulu güç kapasitesini 10 katına çıkarmış olsak bile, işaretli saatlerdeki talebi yine talebi karşılayamıyoruz. Bu sebeple, enerjiyi depolayabilmemiz, %100 temiz enerji için bir önkoşuldur.",,README.md,0.666,"En yakın repo bloğu: docs/hidrojen-ve-enerji-depolama.md; skor=0.334; repo_excerpt=*Şekil 4. Bu görsel benim için şu soruyu açıyor: Talep ile üretim aynı saatlerde örtüşmüyorsa, fazla enerjiyi ne yapaca…"
missing_text,notebook_block_0305,"Pillere depolanmasının çok pahalı olduğu, uzun süreli depolama için uygun olmadığı söyleniyor. [20]",,docs/hidrojen-ve-enerji-depolama.md,0.613,"En yakın repo bloğu: docs/hidrojen-ve-enerji-depolama.md; skor=0.387; repo_excerpt=Hidrojenin bana daha anlamlı gelen tarafı araç yakıtı olmasından çok, depolama ihtimaliydi."
missing_text,notebook_block_0306,Çözüm: Yer altında Hidrojen depolamak,,docs/hidrojen-ve-enerji-depolama.md,0.460,En yakın repo bloğu: docs/hidrojen-ve-enerji-depolama.md; skor=0.540; repo_excerpt=# Hidrojen ve Enerji Depolama
missing_text,notebook_block_0307,"Sonuç: Elektriği, hidrojene dönüştüren elektrolizörün maliyeti azalmaya devam ettiği için enerji üretiminden depolamaya, sanayiden ulaşıma kadar ekonominin birçok alanını değiştirme potansiyeline sahip.",,docs/hidrojen-ve-enerji-depolama.md,0.634,"En yakın repo bloğu: README.md; skor=0.366; repo_excerpt=Siemens'in Türkiye'deki tarihsel izlerinden başlayıp santral yaşı, ölçek anlatımı ve gaz türbini bakımının işletme tara…"
missing_text,notebook_block_0315,"Etkililik, Etkinlik ve Verimlilik Nedir?",,docs/verimlilik-hipotez-ve-insan-makine.md,0.308,"En yakın repo bloğu: docs/verimlilik-hipotez-ve-insan-makine.md; skor=0.692; repo_excerpt=Etkililik, etkinlik ve verimlilik de benim için biraz böyle başladı."
missing_text,notebook_block_0319,"Staj döneminde, farklı konulara çalışırken; çok defa Etkililik (Effectiveness), Etkinlik(Efficiency) ve Verimlilik(Productivity) kavramları karşılaştım. Bu kavramların geçtiği konuları anlayabilmek için bu tanımları kısa bir ders videosund…",,docs/verimlilik-hipotez-ve-insan-makine.md,0.661,En yakın repo bloğu: docs/verimlilik-hipotez-ve-insan-makine.md; skor=0.339; repo_excerpt=| Kavram | Kısa anlamı | |---|---| | Etkililik | Doğru işi yapmak | | Etkinlik | İşi doğru yapmak | | Verimlilik | Çıkt…
missing_text,notebook_block_0320,Etkililik ( Effectiveness ): Doğru işi yapma.,,docs/verimlilik-hipotez-ve-insan-makine.md,0.581,"En yakın repo bloğu: docs/verimlilik-hipotez-ve-insan-makine.md; skor=0.419; repo_excerpt=Etkililik, etkinlik ve verimlilik de benim için biraz böyle başladı."
missing_text,notebook_block_0321,Organizasyonların amaçlarına ulaşma derecesi veya sonucu elde etme düzeyi olarak tanımlanır.,,README.md,0.621,"En yakın repo bloğu: docs/verimlilik-hipotez-ve-insan-makine.md; skor=0.379; repo_excerpt=Ama buradan ""öyleyse insanın rolü azaldıkça sistem daha iyi olur"" sonucuna doğrudan gitmek bana fazla aceleci geliyor."
missing_text,notebook_block_0322,Etkinlik ( Efficiency ): işi doğru yapma.,,docs/verimlilik-hipotez-ve-insan-makine.md,0.613,En yakın repo bloğu: docs/hidrojen-ve-enerji-depolama.md; skor=0.387; repo_excerpt=# Hidrojen ve Enerji Depolama
missing_text,notebook_block_0323,"Tanım 1: İstenilen görevin en iyi performansla, en az girdi, en az maliyet, en kısa sürede.",,README.md,0.614,En yakın repo bloğu: docs/tarih-olcek-ve-bakim.md; skor=0.386; repo_excerpt=> Peki neden elektrik üretimini bırakıp santrali müzeye çevirdik? Cevabı aşikar olsa da.
missing_text,notebook_block_0324,Tanım 2: STANDART/GERÇEKLEŞEN PERFORMANS,,README.md,0.590,En yakın repo bloğu: docs/kaynakca-ve-sekil-notlari.md; skor=0.410; repo_excerpt=## Doğrudan Staj Defterinde Adı Geçen Kaynaklar
missing_text,notebook_block_0326,Verimlilik(Productivity) = ÇIKTI/GİRDİ,,docs/verimlilik-hipotez-ve-insan-makine.md,0.359,En yakın repo bloğu: docs/verimlilik-hipotez-ve-insan-makine.md; skor=0.641; repo_excerpt=$$ \text{Verimlilik} = \frac{\text{çıktı}}{\text{girdi}} $$
missing_text,notebook_block_0338,"Isı, iş, enerji, kişi başına düşen enerji tüketiminin artması, insanların önce hayvanları evcilleştirilip onun gücünden yararlanması, sanayi devrimi ile birlikte insanların faydalanabileceği-kullanabileceği iş miktarının artışı gibi konula…",,README.md,0.689,"En yakın repo bloğu: README.md; skor=0.311; repo_excerpt=Siemens'in Türkiye'deki tarihsel izlerinden başlayıp santral yaşı, ölçek anlatımı ve gaz türbini bakımının işletme tara…"
missing_text,notebook_block_0339,"Bu bağlamda; notta yazılmış birkaç bilgiyi doğrudan alıntılayıp, bu bilgiler üzerine yorumlar yapmak istiyorum.",,README.md,0.613,"En yakın repo bloğu: docs/kaynakca-ve-sekil-notlari.md; skor=0.387; repo_excerpt=Bazı ekran görüntüleri final yazılara doğrudan alınmadı. Onların yerine metin, tablo veya LaTeX kullanıldı."
missing_text,notebook_block_0340,"Olimpiyat madalyalı bir atlet; birkaç dakika boyunca, 400 Watts güç üretebilir.",,docs/verimlilik-hipotez-ve-insan-makine.md,0.593,En yakın repo bloğu: docs/tarih-olcek-ve-bakim.md; skor=0.407; repo_excerpt=## Silahtarağa: Bir Santral Ne Zaman Eski Olur?
missing_text,notebook_block_0341,"Sağlıklı, yetişkin bir insan; birkaç saat boyunca, 30-60 Watts güç üretebilir.",,docs/verimlilik-hipotez-ve-insan-makine.md,0.598,En yakın repo bloğu: docs/verimlilik-hipotez-ve-insan-makine.md; skor=0.402; repo_excerpt=Aynı notlarda sağlıklı bir yetişkin insan için yıllık yaklaşık 100 kWh iş üretimi gibi bir değer vardı. Yani çok kaba b…
missing_text,notebook_block_0342,Ortalama bir çeki hayvanının yıllık iş üretimi 1000kWh.,,docs/verimlilik-hipotez-ve-insan-makine.md,0.488,"En yakın repo bloğu: docs/verimlilik-hipotez-ve-insan-makine.md; skor=0.512; repo_excerpt=Peki, bir çeki hayvanının günlük kalori ihtiyacı da insanın 10 katı kadar mı?"
missing_text,notebook_block_0343,"Sağlıklı, yetişkin bir insan fiziksel olarak zorlayıcı bir işte çalışıyor olsun.",,README.md,0.567,En yakın repo bloğu: docs/verimlilik-hipotez-ve-insan-makine.md; skor=0.433; repo_excerpt=Aynı notlarda sağlıklı bir yetişkin insan için yıllık yaklaşık 100 kWh iş üretimi gibi bir değer vardı. Yani çok kaba b…
missing_text,notebook_block_0346,Bu kişinin yılda yaklaşık 100 kWh’lik iş üretebilir. 7 dolarlık elektrik.,,README.md,0.480,En yakın repo bloğu: docs/verimlilik-hipotez-ve-insan-makine.md; skor=0.520; repo_excerpt=Aynı notlarda sağlıklı bir yetişkin insan için yıllık yaklaşık 100 kWh iş üretimi gibi bir değer vardı. Yani çok kaba b…
missing_text,notebook_block_0349,"Notta, bu enerjinin, 7 dolarlık elektriğe tekabül ettiği yazıyor.",,README.md,0.554,En yakın repo bloğu: docs/verimlilik-hipotez-ve-insan-makine.md; skor=0.446; repo_excerpt=Lorentz kuvveti de bu sezginin elektromanyetik tarafını hatırlatıyor:
missing_text,notebook_block_0350,"Kitapçığın hem eski (1997), hem de ABD basımı olmasından dolayı, ülkemizdeki güncel konut elektriği tarifesinden fiyatlandıralım. Beden gücü ile ürettiğimiz iş’in kullanıcısı da biz olduğumuz için konut tarifesine göre bedel biçmemizde de…",,README.md,0.689,En yakın repo bloğu: README.md; skor=0.311; repo_excerpt=Ben de eldeki staj notlarını bu ilişkileri daha iyi görebilmek için yeniden dizdim.
missing_text,notebook_block_0352,1 kWh = 1.44 TL olarak ücretlendirilir.,,README.md,0.625,En yakın repo bloğu: docs/verimlilik-hipotez-ve-insan-makine.md; skor=0.375; repo_excerpt=$$ \eta = \frac{\text{yararlı iş}}{\text{enerji girdisi}} $$
missing_text,notebook_block_0353,100kWh = 1.44tl*100 = 144 TL değerinde bir elektrik.,,README.md,0.660,En yakın repo bloğu: docs/verimlilik-hipotez-ve-insan-makine.md; skor=0.340; repo_excerpt=T3000 kontrol sistemiyle ilgili kısım bende bu yüzden kaldı.
missing_text,notebook_block_0364,"Aslında insanların fiziksel olarak hayvanlardan ve makinelerden çok daha güçsüz olduğunu söyleyen bu rakamlar; bize, birkaç yy. öncesine kadar pek çok ülkenin mahkumlar için uyguladığı kürek cezasının, günümüzde artık hiçbir mahkûma verilm…",,docs/verimlilik-hipotez-ve-insan-makine.md,0.721,"En yakın repo bloğu: docs/hidrojen-ve-enerji-depolama.md; skor=0.279; repo_excerpt=Burada onları daha tek akışlı kurmaya çalışıyorum. Çünkü benim için hidrojen meselesinin ilginç tarafı ""iyi mi kötü mü?…"
missing_text,notebook_block_0378,Bu kişinin yılda yaklaşık 100 kWh’lik iş üretebilir. (Çok sıkı çalıştığında),,README.md,0.515,En yakın repo bloğu: docs/verimlilik-hipotez-ve-insan-makine.md; skor=0.485; repo_excerpt=Aynı notlarda sağlıklı bir yetişkin insan için yıllık yaklaşık 100 kWh iş üretimi gibi bir değer vardı. Yani çok kaba b…
missing_text,notebook_block_0379,Ortalama bir çeki hayvanının yıllık iş üretimi 1000kWh.,,docs/verimlilik-hipotez-ve-insan-makine.md,0.488,"En yakın repo bloğu: docs/verimlilik-hipotez-ve-insan-makine.md; skor=0.512; repo_excerpt=Peki, bir çeki hayvanının günlük kalori ihtiyacı da insanın 10 katı kadar mı?"
missing_text,notebook_block_0380,"Bu bilgilere göre bir çeki hayvanı, bir insanın 10 katı kadar iş yapabiliyor olduğu verilmiş.",,docs/verimlilik-hipotez-ve-insan-makine.md,0.470,"En yakın repo bloğu: docs/verimlilik-hipotez-ve-insan-makine.md; skor=0.530; repo_excerpt=Peki, bir çeki hayvanının günlük kalori ihtiyacı da insanın 10 katı kadar mı?"
missing_text,notebook_block_0382,Sadece bedensel işgücünde bir insan ile yük hayvanının verimlilik karşılaştırması yapmak istedim.,,docs/verimlilik-hipotez-ve-insan-makine.md,0.551,En yakın repo bloğu: docs/tarih-olcek-ve-bakim.md; skor=0.449; repo_excerpt=Staj defterinde bu kısmı bu yüzden bırakmak istedim.
missing_text,notebook_block_0383,Sonuçlara bakmadan hipotezim şu şöyle idi?,,README.md,0.608,En yakın repo bloğu: docs/verimlilik-hipotez-ve-insan-makine.md; skor=0.392; repo_excerpt=Ama ben o sonuca hemen gitmek istemedim. Önce şunu sordum:
missing_text,notebook_block_0385,"İnsanların, evrimsel beyinleri gelişmiştir-büyümüştür. Bir insanın aldığı kalorinin büyük bir kısmı beyni tarafından harcanır türünden nedenlere dayandırarak ( Belki de yanlıştır. Bilmiyorum. ) insanın verimliliğin daha düşük olduğu olacağ…",,README.md,0.698,En yakın repo bloğu: docs/hidrojen-ve-enerji-depolama.md; skor=0.302; repo_excerpt=Bana göre hidrojen meselesi biraz burada ilginçleşiyor. Tek cümlelik hüküm vermeyi zorlaştırıyor. Sürekli şu soruyu sor…
missing_text,notebook_block_0387,"Bir insan 100kWh, bir hayvan 1000kWh’lik iş yapabiliyor.",,README.md,0.562,En yakın repo bloğu: docs/verimlilik-hipotez-ve-insan-makine.md; skor=0.438; repo_excerpt=```text İnsan: Yaklaşık 100 kWh/yıl yararlı mekanik iş
missing_text,notebook_block_0388,İhtiyaç olan kalori; bir insanın 1 BİRİM ise,,README.md,0.488,"En yakın repo bloğu: docs/tarih-olcek-ve-bakim.md; skor=0.512; repo_excerpt=> İhtiyaç duyulan bakım süresi, bir ürünün başarım ölçütlerinden biri olabilir mi?"
missing_text,notebook_block_0389,"Bir hayvanın 10 BİRİM değil, 10 BİRİM’den daha az olacağını iddia etmiştim.",,README.md,0.652,En yakın repo bloğu: docs/hidrojen-ve-enerji-depolama.md; skor=0.348; repo_excerpt=Bu eleştiri önemli. Hatta ilk bakışta oldukça ikna edici.
missing_text,notebook_block_0390,"Bu deneyi, [SANSÜR]’e anlatmıştım. Onun da ilgisini çekmişti ve araştırmaya başlamıştık. O zaman ki baktığımız kaynakları hatırlayamadım ancak elde ettiğimiz sonuçlar, şimdi yazacaklarımla oldukça benzer.",,README.md,0.671,"En yakın repo bloğu: docs/tarih-olcek-ve-bakim.md; skor=0.329; repo_excerpt=*Şekil 1. Silahtarağa Santrali. Burada şirket tarihi anlatmaktan çok, bir enerji altyapısının zamanla nasıl başka bir a…"
missing_text,notebook_block_0401,"Kendi boy, kilo, yaş bilgilerini girdikten sonra Orta haraketlilik haftada 4-5 gün spor seçeneğinde = 2590 cal/gün kalori ihtiyacımın olduğunu hesapladım. [30]",,README.md,0.634,"En yakın repo bloğu: docs/verimlilik-hipotez-ve-insan-makine.md; skor=0.366; repo_excerpt=Peki, bir çeki hayvanının günlük kalori ihtiyacı da insanın 10 katı kadar mı?"
missing_text,notebook_block_0402,"Yük taşıması yapan, ortalama çeki hayvanının günlük kalori ihtiyacını bulmak için araştırma yaparken, uygun hayvanı seçmekte zorlandım.",,docs/verimlilik-hipotez-ve-insan-makine.md,0.488,"En yakın repo bloğu: docs/verimlilik-hipotez-ve-insan-makine.md; skor=0.512; repo_excerpt=Peki, bir çeki hayvanının günlük kalori ihtiyacı da insanın 10 katı kadar mı?"
missing_text,notebook_block_0403,"Sığır: Hayvana, sürekli kilo aldırmaya çalışıyorlar. Hareketliliği de az galiba o yüzden, günlük kalorisi temel almak yanlış olurdu.",,README.md,0.650,"En yakın repo bloğu: README.md; skor=0.350; repo_excerpt=Bilinmeyen bir şeyi bilinen bir şeyle kıyaslamaya çalışıyorum. Bazen bir grafikten, bazen bir bakım süresinden, bazen b…"
missing_text,notebook_block_0404,İnek: Süt verimini arttırmaya çalıştırdıkları için diyeti farklı,,README.md,0.619,"En yakın repo bloğu: docs/kaynakca-ve-sekil-notlari.md; skor=0.381; repo_excerpt=Bazı ekran görüntüleri final yazılara doğrudan alınmadı. Onların yerine metin, tablo veya LaTeX kullanıldı."
missing_text,notebook_block_0406,Yarış Atı: Yarış atlarını da kategori dışında bıraktım. Onların da diyet hesabı hem karmaşık hem de karşılaştırma için doğru bir temel olmazdı.,,README.md,0.639,"En yakın repo bloğu: docs/kaynakca-ve-sekil-notlari.md; skor=0.361; repo_excerpt=Bazı ekran görüntüleri final yazılara doğrudan alınmadı. Onların yerine metin, tablo veya LaTeX kullanıldı."
missing_text,notebook_block_0408,Kaynakta da görüldüğü gibi haftada 4-5 gün 1.5 saatlik hareketlilikle atın günlük kalori ihtiyacı 25000cal/gün. [31],,README.md,0.442,En yakın repo bloğu: docs/verimlilik-hipotez-ve-insan-makine.md; skor=0.558; repo_excerpt=Çeki hayvanı için günlük kalori ihtiyacı: 25000 kcal/gün ```
missing_text,notebook_block_0414,Verimlilik Karşılaştırması Sonucu,,docs/verimlilik-hipotez-ve-insan-makine.md,0.551,En yakın repo bloğu: README.md; skor=0.449; repo_excerpt=## İçerik Haritası
missing_text,notebook_block_0419,"Verimlilik İnsan = = 0,107 Wh/cal",,docs/verimlilik-hipotez-ve-insan-makine.md,0.437,En yakın repo bloğu: docs/verimlilik-hipotez-ve-insan-makine.md; skor=0.563; repo_excerpt=$$ \eta_{\text{insan}} \approx 0.107 \ \text{Wh/kcal} $$
missing_text,notebook_block_0420,"Verimlilik At = = 0,109 Wh/cal olarak bulduk.",,docs/verimlilik-hipotez-ve-insan-makine.md,0.561,En yakın repo bloğu: docs/verimlilik-hipotez-ve-insan-makine.md; skor=0.439; repo_excerpt=$$ \text{Verimlilik} = \frac{\text{çıktı}}{\text{girdi}} $$
missing_text,notebook_block_0421,Verimlilik İnsan < Verimlilik At sonucu;,,docs/verimlilik-hipotez-ve-insan-makine.md,0.422,"En yakın repo bloğu: docs/verimlilik-hipotez-ve-insan-makine.md; skor=0.578; repo_excerpt=# Verimlilik, Hipotez ve İnsan-Makine İlişkisi"
missing_text,notebook_block_0422,"Hipotezimizi doğrular gibi görünse de,",,README.md,0.600,En yakın repo bloğu: docs/kaynakca-ve-sekil-notlari.md; skor=0.400; repo_excerpt=## Finalde Kullanılan Görseller
missing_text,notebook_block_0423,Verimlilik Farkının Yüzdesi = = % 1.834,,docs/verimlilik-hipotez-ve-insan-makine.md,0.564,"En yakın repo bloğu: docs/verimlilik-hipotez-ve-insan-makine.md; skor=0.436; repo_excerpt=# Verimlilik, Hipotez ve İnsan-Makine İlişkisi"
missing_text,notebook_block_0424,"Verimliliklerin birbirine oldukça yakın çıkmış olmasından dolayı (Anlamlı bir farkın çıkmamış olması.) hipotezin doğruluğunda ısrarcı olmanın, yanlış olacağını düşünüyorum.",,docs/verimlilik-hipotez-ve-insan-makine.md,0.643,"En yakın repo bloğu: docs/hidrojen-ve-enerji-depolama.md; skor=0.357; repo_excerpt=Buradan ""o zaman hidrojen verimli"" sonucu çıkmıyor. Sadece daha dikkatli bir soru çıkıyor: Hangi zincirin hangi noktası…"
missing_text,notebook_block_0425,"Şunu ifade etmeliyim. Yaptığım hesaplamalar, yöntemsel yaklaşım, tamamen yanlış da olabilir. Bir doktor, bir veteriner hekim ya da mühendislikten hocalarım; vahim hatalar olduğunu söyleyebilir. Kitapçığa çalışırken tamamen tesadüfi olarak,…",,README.md,0.680,"En yakın repo bloğu: README.md; skor=0.320; repo_excerpt=Bazı hesaplar veya yorumlar yöntemsel olarak eksik olabilir. Bu repo'nun iddiası ""her şeyi doğru hesapladım"" değil. Dah…"
missing_text,notebook_block_0432,T3000 Kontrol Sistemi Bilgilendirmesi,,docs/verimlilik-hipotez-ve-insan-makine.md,0.354,En yakın repo bloğu: docs/verimlilik-hipotez-ve-insan-makine.md; skor=0.646; repo_excerpt=T3000 kontrol sistemiyle ilgili kısım bende bu yüzden kaldı.
missing_text,notebook_block_0436,"Siemens T3000 Kontrol Sistemi, güç santrallerinin kontrol edilmesinde kullanılır. Kontrol sisteminin temel amacı; santraldeki operasyonların etkililiği ve etkinliği arttırmaya yardım etmektir.",,docs/verimlilik-hipotez-ve-insan-makine.md,0.648,"En yakın repo bloğu: README.md; skor=0.352; repo_excerpt=Siemens'in Türkiye'deki tarihsel izlerinden başlayıp santral yaşı, ölçek anlatımı ve gaz türbini bakımının işletme tara…"
missing_text,notebook_block_0437,"İdeal bir Makine&Kontrol sistemi, operasyonların olabildiğince sorunsuz sürdürülmesini sağlamalı. Beklenmeyen zorluklar oluştuğunda da operatör (T3000 Kontrol Sistemini kullanan kişi), bu sorunların üstesinden gelebilmeli.",,docs/verimlilik-hipotez-ve-insan-makine.md,0.696,En yakın repo bloğu: docs/verimlilik-hipotez-ve-insan-makine.md; skor=0.304; repo_excerpt=- Operatörün yaptığı iş için gereken bilişsel beceri düzeyi nedir? - Operatörün tecrübesi ne kadar önemlidir? - Görevin…
missing_text,notebook_block_0438,"Güç santralinin kontrol odasında görev yapan operatör, bu t3000 kontrol sistemini kullanarak doğru tavsiyeler alır.",,docs/verimlilik-hipotez-ve-insan-makine.md,0.558,En yakın repo bloğu: docs/verimlilik-hipotez-ve-insan-makine.md; skor=0.442; repo_excerpt=![T3000 kontrol odası](../assets/figures/t3000-kontrol-odasi.jpeg)
missing_text,notebook_block_0439,"Acil durumlarda, trip (Şebekeden ya da başka bir yerden yenilen darbe) gibi durumlarda doğru müdahalelerde bulunabilir.",,README.md,0.597,"En yakın repo bloğu: docs/verimlilik-hipotez-ve-insan-makine.md; skor=0.403; repo_excerpt=Bu soru beni durdurdu. Çünkü zihnimde jeneratör mili neredeyse boşta dönen bir mil gibi duruyordu. Döndürüyorsun, dönüy…"
missing_text,notebook_block_0440,Güç santrallerinde planlanmamış yavaşlama ve kesintilerin %42’si insan hatası kaynaklıdır.,,docs/tarih-olcek-ve-bakim.md,0.648,"En yakın repo bloğu: docs/hidrojen-ve-enerji-depolama.md; skor=0.352; repo_excerpt=> Kaybettiğimiz enerji ne zaman, nerede ve hangi alternatiflere göre kayıp?"
missing_text,notebook_block_0441,Gibi bilgilerin ardından şu soruları sormuştum.,,README.md,0.600,En yakın repo bloğu: README.md; skor=0.400; repo_excerpt=# Siemens Energy Stajından Sistem Düşüncesi Notları
missing_text,notebook_block_0442,Operatör’ün yaptığı iş için gereken bilişsel beceri düzeyi nedir?,,docs/verimlilik-hipotez-ve-insan-makine.md,0.376,En yakın repo bloğu: docs/verimlilik-hipotez-ve-insan-makine.md; skor=0.624; repo_excerpt=- Operatörün yaptığı iş için gereken bilişsel beceri düzeyi nedir? - Operatörün tecrübesi ne kadar önemlidir? - Görevin…
missing_text,notebook_block_0443,Operatör’ün tecrübesi ne kadar önemli?,,docs/verimlilik-hipotez-ve-insan-makine.md,0.508,"En yakın repo bloğu: docs/verimlilik-hipotez-ve-insan-makine.md; skor=0.492; repo_excerpt=## Jeneratör, Yük ve Eksik Model"
missing_text,notebook_block_0444,Görevin karmaşıklık seviyesi nedir? Örneğin: Alarm zili çaldığında gerekli tuşa tıklayıp susturmak ya da evdeki kombinin düşük basınç uyarısı verip çalışmadığı zaman yaptığımız gibi kombinin basınç vanasını açıp uygun basınca getirmek kabî…,,README.md,0.679,"En yakın repo bloğu: docs/verimlilik-hipotez-ve-insan-makine.md; skor=0.321; repo_excerpt=```text Eğer çeki hayvanı insanın yaklaşık 10 katı iş üretiyorsa, ama insanın 10 katından daha az kalori alıyorsa, o za…"
missing_text,notebook_block_0445,"Bana verilen cevabı yazmadan önce, neden bu soruları sorduğumu yazmak istiyorum.",,README.md,0.566,"En yakın repo bloğu: docs/verimlilik-hipotez-ve-insan-makine.md; skor=0.434; repo_excerpt=Sonra asıl soru geldi: Peki bu mil bu kadar kolay dönebiliyorsa, neden bu kadar çok yakıt yakılıyor?"
missing_text,notebook_block_0446,"Kontrol Sistemi, çok gelişmiş bir sistemdir ki çok az insan müdahalesi ile neredeyse otonom olarak çalışabiliyor olabilir.",,README.md,0.641,En yakın repo bloğu: docs/tarih-olcek-ve-bakim.md; skor=0.359; repo_excerpt=![Santral yaşı ve verim ilişkisi](../assets/figures/tarih-santral-yasi-kullanilabilirlik.jpg)
missing_text,notebook_block_0447,Santraldeki hataların yarıya yakını insan hatası kaynaklı olduğu söylenmişti.(%42),,docs/tarih-olcek-ve-bakim.md,0.610,"En yakın repo bloğu: docs/verimlilik-hipotez-ve-insan-makine.md; skor=0.390; repo_excerpt=Peki, bir çeki hayvanının günlük kalori ihtiyacı da insanın 10 katı kadar mı?"
missing_text,notebook_block_0448,"Bana verilen CEVAP: Olur mu, operatörün önemli zorlu bir işi var. Çok önemli! İdi.",,docs/verimlilik-hipotez-ve-insan-makine.md,0.257,En yakın repo bloğu: docs/verimlilik-hipotez-ve-insan-makine.md; skor=0.743; repo_excerpt=Bana verilen cevap da bu yöndeydi: operatörün önemli ve zor bir işi var.
missing_text,notebook_block_0449,"CEVAP’tan çıkardığım SONUÇ: Demek ki hataların yarıya yakını insan kaynaklı da olsa; insanların, bilgisayardan daha iyi yapabildiği işler var. Güç santralinin etkinliğinin ve etkililiğin azami noktası; zeki operatör ve T3000 kontrol sistem…",,docs/verimlilik-hipotez-ve-insan-makine.md,0.684,"En yakın repo bloğu: README.md; skor=0.316; repo_excerpt=Etkililik, etkinlik ve verimlilik kavramlarından insan/çeki hayvanı düşünce deneyine; oradan T3000 kontrol sistemi, ope…"
missing_text,notebook_block_0460,Ders-soru cevap-sınama havasında geçen bir sohbette;,,README.md,0.600,En yakın repo bloğu: docs/hidrojen-ve-enerji-depolama.md; skor=0.400; repo_excerpt=## Depolama Sorusu: Peki Nereye Nasıl Depolayabiliriz?
missing_text,notebook_block_0461,“Bir güç santralinde; jeneratörün milini döndürme kuvvetini elde ettik ve jeneratörü döndürerek elektrik enerjisini elde ediyoruz. Peki bu jeneratör milinin dönme hızı nedir?” diye sordu [SANSÜR].,,docs/verimlilik-hipotez-ve-insan-makine.md,0.675,"En yakın repo bloğu: docs/hidrojen-ve-enerji-depolama.md; skor=0.325; repo_excerpt=Yani bugünkü düşük verim veya yüksek maliyet eleştirisini yok saymıyorum. Sadece ""bugünkü hali sonsuza kadar aynı kalac…"
missing_text,notebook_block_0462,Cevabı doğrudan bilmiyordum ama şebeke elektriğinin 50 Hz frekansta olduğu bilgisinden yola çıkarak saniyede 50 kez dönüyor galiba dedim.,,README.md,0.596,En yakın repo bloğu: docs/verimlilik-hipotez-ve-insan-makine.md; skor=0.404; repo_excerpt=[SANSÜR] bana jeneratör milinin dönme hızını sormuştu. Cevabı doğrudan bilmiyordum. Şebeke elektriğinin 50 Hz frekansta…
missing_text,notebook_block_0464,"Peki, aşırı kaygan, sürtünmenin olabildiğince az olduğu, o kadar kolay dönebilen, abartırsak elinle bile saniyede 50 tur döndürebileceğin bir mil için (Bu önermelerin doğru olduğunu kabul ediyoruz.) neden tonlarca kömür, doğalgaz yakıyoruz…",,README.md,0.664,"En yakın repo bloğu: docs/verimlilik-hipotez-ve-insan-makine.md; skor=0.336; repo_excerpt=Sonra asıl soru geldi: Peki bu mil bu kadar kolay dönebiliyorsa, neden bu kadar çok yakıt yakılıyor?"
missing_text,notebook_block_0465,"Bu soruya da doğrudan bir cevabım yoktu, akıl yürüterek vermeye çalıştığım mütereddit cevap: ‘Milin çapı büyük olduğu için atalet momentinin büyük olması olabilir mi.’ oldu.",,README.md,0.604,"En yakın repo bloğu: docs/hidrojen-ve-enerji-depolama.md; skor=0.396; repo_excerpt=Burada onları daha tek akışlı kurmaya çalışıyorum. Çünkü benim için hidrojen meselesinin ilginç tarafı ""iyi mi kötü mü?…"
missing_text,notebook_block_0466,Kısa Cevap: ” Hayır. Lorentz Yasası.” dedi.,,docs/verimlilik-hipotez-ve-insan-makine.md,0.551,En yakın repo bloğu: docs/verimlilik-hipotez-ve-insan-makine.md; skor=0.449; repo_excerpt=![Yük bağlı devre sezgisi](../assets/figures/lorentz-yuk-devresi.png)
missing_text,notebook_block_0467,"Açıklaması: “Biz elektrik tüketenler, karşı direnç oluşturuyoruz(Dönen mile.). Lambayı yakmamız, su ısıtıcısını çalıştırmamız bir direnç oluşturuyor. Bu direnç jeneratörün dönmesini zorlaştırıyor.” Dedi.",,docs/verimlilik-hipotez-ve-insan-makine.md,0.665,En yakın repo bloğu: docs/hidrojen-ve-enerji-depolama.md; skor=0.335; repo_excerpt=Bana göre hidrojen meselesi biraz burada ilginçleşiyor. Tek cümlelik hüküm vermeyi zorlaştırıyor. Sürekli şu soruyu sor…
missing_text,notebook_block_0469,"[SANSÜR]’in anlatıklarından sonra zihnimde bu basit devre [32] canlandı ve bunun mantığını doğrulatmak amacıyla, şu soruyu sordum sordum kendisine:",,README.md,0.636,En yakın repo bloğu: docs/hidrojen-ve-enerji-depolama.md; skor=0.364; repo_excerpt=Bana göre hidrojen meselesi biraz burada ilginçleşiyor. Tek cümlelik hüküm vermeyi zorlaştırıyor. Sürekli şu soruyu sor…
missing_text,notebook_block_0470,"Jeneratörü şebekeye hiç bağlamamış olursak, hiç yük direnci olmayacak (RL= 0 Ohm) ve o zaman çok kolay dönebilen jeneratör çok hızlı dönmeye başlar değil mi? dedim.",,docs/verimlilik-hipotez-ve-insan-makine.md,0.631,"En yakın repo bloğu: docs/verimlilik-hipotez-ve-insan-makine.md; skor=0.369; repo_excerpt=Sonra asıl soru geldi: Peki bu mil bu kadar kolay dönebiliyorsa, neden bu kadar çok yakıt yakılıyor?"
missing_text,notebook_block_0472,İşte o yüzden santrallerde SPPA T3000 Kontrol programı var.,,docs/verimlilik-hipotez-ve-insan-makine.md,0.542,En yakın repo bloğu: docs/verimlilik-hipotez-ve-insan-makine.md; skor=0.458; repo_excerpt=![T3000 kontrol odası](../assets/figures/t3000-kontrol-odasi.jpeg)
missing_text,notebook_block_0473,"Termik santraller çalışırken, yük değişimleri olduğunda;(Su ısıtıcısının çalıştırma düğmesine basma anı ya da suyu kaynattıktan sonra kendiliğinden elektriği kesip kapanma anı birer örnek olabilir.) saliseler-saniyeler içerisinde çalışmayı…",,docs/tarih-olcek-ve-bakim.md,0.738,"En yakın repo bloğu: docs/kaynakca-ve-sekil-notlari.md; skor=0.262; repo_excerpt=Bu bölümdeki maddeler staj defterinde geçti, ama final yazılarda kritik iddia taşımıyor. Bazıları kaynakça içinde kalmı…"
unused_notebook_image,word/media/image2.png,/ KARABÜK ÜNİVERSİTESİ,nb_img_001,README.md,0.900,Notebook görselinin SHA değeri public markdown'da referanslanan repo görselleriyle eşleşmedi.
unused_notebook_image,word/media/image3.png,Öğrencinin İmzası: / Staj Yapılan İş Yeri,nb_img_002,README.md,0.900,Notebook görselinin SHA değeri public markdown'da referanslanan repo görselleriyle eşleşmedi.
unused_notebook_image,word/media/image4.jpg,"Siemens Enerji, 2020 yılında kurulan yeni bir şirket olsa da köklerini 1866 yılından beri faaliyetine devam Siemens’ten alıyor. 90 ülkede 90 bin çalışanı var. Şirketin örgütsel yapısı ise şöyledir. / Generation Bölümü: Elektrik enerjisi ür…",nb_img_003,docs/verimlilik-hipotez-ve-insan-makine.md,0.900,Notebook görselinin SHA değeri public markdown'da referanslanan repo görselleriyle eşleşmedi.
unused_notebook_image,word/media/image5.jpg,Siemens & Halske Telgraf yapım şirketi olarak 1847 yılında Berlin’de kuruldu. Kuruluşundan sadece 11 yıl (1856’da) sonra ülkemizdeki (Osmanlı İmparatorluğu’nda) ilk telgraf sistemini kurarak faaliyetlerine başladı. Döneminin interneti sayı…,nb_img_004,docs/verimlilik-hipotez-ve-insan-makine.md,0.900,Notebook görselinin SHA değeri public markdown'da referanslanan repo görselleriyle eşleşmedi.
unused_notebook_image,word/media/image7.jpeg,Siemens’in ürünleri ile çalışan Silahtarağa Elektrik Santrali ve onun günümüzdeki modern izdüşümü / İŞ YAPRAĞI,nb_img_006,docs/tarih-olcek-ve-bakim.md,0.900,Notebook görselinin SHA değeri public markdown'da referanslanan repo görselleriyle eşleşmedi.
unused_notebook_image,word/media/image9.jpeg,Siemens’in ürünleri ile çalışan Silahtarağa Elektrik Santrali ve onun günümüzdeki modern izdüşümü / İŞ YAPRAĞI,nb_img_008,docs/tarih-olcek-ve-bakim.md,0.900,Notebook görselinin SHA değeri public markdown'da referanslanan repo görselleriyle eşleşmedi.
unused_notebook_image,word/media/image10.jpeg,Siemens’in ürünleri ile çalışan Silahtarağa Elektrik Santrali ve onun günümüzdeki modern izdüşümü / İŞ YAPRAĞI,nb_img_009,docs/tarih-olcek-ve-bakim.md,0.900,Notebook görselinin SHA değeri public markdown'da referanslanan repo görselleriyle eşleşmedi.
unused_notebook_image,word/media/image11.jpeg,Siemens’in ürünleri ile çalışan Silahtarağa Elektrik Santrali ve onun günümüzdeki modern izdüşümü / İŞ YAPRAĞI,nb_img_010,docs/tarih-olcek-ve-bakim.md,0.900,Notebook görselinin SHA değeri public markdown'da referanslanan repo görselleriyle eşleşmedi.
unused_notebook_image,word/media/image14.jpeg,Siemens’in ürünleri ile çalışan Silahtarağa Elektrik Santrali ve onun günümüzdeki modern izdüşümü / İŞ YAPRAĞI,nb_img_013,docs/tarih-olcek-ve-bakim.md,0.900,Notebook görselinin SHA değeri public markdown'da referanslanan repo görselleriyle eşleşmedi.
unused_notebook_image,word/media/image15.jpg,"Eskişehir ve Turhal Şeker Fabrikalarının Buhar Türbinleri (1935) / Eskişehir Şeker Fabrikası'ndan emekli olmuş bir çalışanın, konuyla ilgili, ilk elden tanık olduğu bir olayı yazmak istiyorum. * :? İki nokta mı olmalı?",nb_img_014,docs/tarih-olcek-ve-bakim.md,0.900,Notebook görselinin SHA değeri public markdown'da referanslanan repo görselleriyle eşleşmedi.
unused_notebook_image,word/media/image16.jpeg,[4]Almanların kalite anlayışına bir de sevimli olmayan bir örnek vermek istiyorum. 2.Dünya Savaşı sırasında alman savunma sanayii ürünlerinin kalitesi kendileri açısından bir sorun bile yaratmış. Fabrikadan çıkar çıkmaz cepheye sevk edilen…,nb_img_015,docs/tarih-olcek-ve-bakim.md,0.900,Notebook görselinin SHA değeri public markdown'da referanslanan repo görselleriyle eşleşmedi.
unused_notebook_image,word/media/image17.jpeg,[4]Almanların kalite anlayışına bir de sevimli olmayan bir örnek vermek istiyorum. 2.Dünya Savaşı sırasında alman savunma sanayii ürünlerinin kalitesi kendileri açısından bir sorun bile yaratmış. Fabrikadan çıkar çıkmaz cepheye sevk edilen…,nb_img_016,docs/tarih-olcek-ve-bakim.md,0.900,Notebook görselinin SHA değeri public markdown'da referanslanan repo görselleriyle eşleşmedi.
unused_notebook_image,word/media/image18.jpeg,[4]Almanların kalite anlayışına bir de sevimli olmayan bir örnek vermek istiyorum. 2.Dünya Savaşı sırasında alman savunma sanayii ürünlerinin kalitesi kendileri açısından bir sorun bile yaratmış. Fabrikadan çıkar çıkmaz cepheye sevk edilen…,nb_img_017,docs/tarih-olcek-ve-bakim.md,0.900,Notebook görselinin SHA değeri public markdown'da referanslanan repo görselleriyle eşleşmedi.
unused_notebook_image,word/media/image19.jpeg,[4]Almanların kalite anlayışına bir de sevimli olmayan bir örnek vermek istiyorum. 2.Dünya Savaşı sırasında alman savunma sanayii ürünlerinin kalitesi kendileri açısından bir sorun bile yaratmış. Fabrikadan çıkar çıkmaz cepheye sevk edilen…,nb_img_018,docs/tarih-olcek-ve-bakim.md,0.900,Notebook görselinin SHA değeri public markdown'da referanslanan repo görselleriyle eşleşmedi.
unused_notebook_image,word/media/image20.jpeg,[4]Almanların kalite anlayışına bir de sevimli olmayan bir örnek vermek istiyorum. 2.Dünya Savaşı sırasında alman savunma sanayii ürünlerinin kalitesi kendileri açısından bir sorun bile yaratmış. Fabrikadan çıkar çıkmaz cepheye sevk edilen…,nb_img_019,docs/tarih-olcek-ve-bakim.md,0.900,Notebook görselinin SHA değeri public markdown'da referanslanan repo görselleriyle eşleşmedi.
unused_notebook_image,word/media/image21.jpg,"Siemens Enerji’nin 2021 yılına ait gelir, gider ve birikmiş sipariş rakamları aşağıdaki gibidir. / (Order Backlog) Birikmiş Sipariş: değerinin yüksek olmasının önemli olduğu, şirket yakın dönemde yeni sipariş almasa dahi, uzun dönemli bakı…",nb_img_020,docs/tarih-olcek-ve-bakim.md,0.900,Notebook görselinin SHA değeri public markdown'da referanslanan repo görselleriyle eşleşmedi.
unused_notebook_image,word/media/image24.jpeg,"? / Siemens Enerji ile aynı büyüklükte ciro yapan (30 Milyar EURO) bir şirket bulmak için İstanbul Sanayi Odası’nın ‘Türkiye’nin En Büyük İlk 500 Şirketi’nin sıralandığı iso500 dizinine baktım. Fakat, denklemin sağ tarafına, iso500’un [4]b…",nb_img_023,docs/tarih-olcek-ve-bakim.md,0.900,Notebook görselinin SHA değeri public markdown'da referanslanan repo görselleriyle eşleşmedi.
unused_notebook_image,word/media/image25.JPG,"Ardından, aklıma o ünlü ‘Fortune Global 500 Listesi’ geldi. [5] Orayı incelediğimde; eşitlik denklemini, doğru yapabilecek bir çözüm bulabildim. / [6] [7] [8] [9] [10] [11] [12] [13] [14] [15] [16] [17] [18]",nb_img_024,README.md,0.900,Notebook görselinin SHA değeri public markdown'da referanslanan repo görselleriyle eşleşmedi.
unused_notebook_image,word/media/image26.jpeg,"İmza, Kaşe / Bu arada, Siemens Enerji’nin, Siemens Ailesi’nden ayrılan küçük(!) kardeş olduğunu da hatırlatalım.",nb_img_025,docs/tarih-olcek-ve-bakim.md,0.900,Notebook görselinin SHA değeri public markdown'da referanslanan repo görselleriyle eşleşmedi.
unused_notebook_image,word/media/image27.jpg,"İmza, Kaşe / Bu arada, Siemens Enerji’nin, Siemens Ailesi’nden ayrılan küçük(!) kardeş olduğunu da hatırlatalım.",nb_img_026,docs/tarih-olcek-ve-bakim.md,0.900,Notebook görselinin SHA değeri public markdown'da referanslanan repo görselleriyle eşleşmedi.
unused_notebook_image,word/media/image28.jpeg,. / Hidrojenin Yapısı,nb_img_027,docs/hidrojen-ve-enerji-depolama.md,0.900,Notebook görselinin SHA değeri public markdown'da referanslanan repo görselleriyle eşleşmedi.
unused_notebook_image,word/media/image29.jpeg,"Gri Hidrojen: Doğalgazdan, fosil yakıtlardan üretilir. / Kahverengi Hidrojen ve Gri Hidrojen üretim yönteminde büyük miktarda CO2 açığa çıkıyor. Bu iki yöntemin, çevrecilik açısından durumu, dizel jeneratörlerle şarj edilen elektrikli arab…",nb_img_028,docs/hidrojen-ve-enerji-depolama.md,0.900,Notebook görselinin SHA değeri public markdown'da referanslanan repo görselleriyle eşleşmedi.
unused_notebook_image,word/media/image31.jpeg,"Kahverengi Hidrojen ve Gri Hidrojen üretim yönteminde büyük miktarda CO2 açığa çıkıyor. Bu iki yöntemin, çevrecilik açısından durumu, dizel jeneratörlerle şarj edilen elektrikli arabalara benziyor sanki. ([SANSÜR]’in bir anlatımından i…",nb_img_030,docs/hidrojen-ve-enerji-depolama.md,0.900,Notebook görselinin SHA değeri public markdown'da referanslanan repo görselleriyle eşleşmedi.
unused_notebook_image,word/media/image32.jpeg,"Kahverengi Hidrojen ve Gri Hidrojen üretim yönteminde büyük miktarda CO2 açığa çıkıyor. Bu iki yöntemin, çevrecilik açısından durumu, dizel jeneratörlerle şarj edilen elektrikli arabalara benziyor sanki. ([SANSÜR]’in bir anlatımından i…",nb_img_031,docs/hidrojen-ve-enerji-depolama.md,0.900,Notebook görselinin SHA değeri public markdown'da referanslanan repo görselleriyle eşleşmedi.
unused_notebook_image,word/media/image33.JPG,"Mavi Hidrojen: Yine fosil yakıtlardan üretiliyor, fakat C02’yi tutup, saklayabiliyoruz. / Yeşil Hidrojen: Elektroliz yönteminde, elektrik akımını kullanarak, suyu, bileşenlerine ayırırız. Eğer kullandığımız elektrik de yenilebilir enerjile…",nb_img_032,docs/hidrojen-ve-enerji-depolama.md,0.900,Notebook görselinin SHA değeri public markdown'da referanslanan repo görselleriyle eşleşmedi.
unused_notebook_image,word/media/image34.JPG,"Mavi Hidrojen: Yine fosil yakıtlardan üretiliyor, fakat C02’yi tutup, saklayabiliyoruz. / Yeşil Hidrojen: Elektroliz yönteminde, elektrik akımını kullanarak, suyu, bileşenlerine ayırırız. Eğer kullandığımız elektrik de yenilebilir enerjile…",nb_img_033,docs/hidrojen-ve-enerji-depolama.md,0.900,Notebook görselinin SHA değeri public markdown'da referanslanan repo görselleriyle eşleşmedi.
unused_notebook_image,word/media/image35.JPG,"Örneğin, AB’nin Yeşil Anlaşması’nda; 10 yıl içinde harcamayı planladığı 1 Trilyon doların yaklaşık yarısı ‘Hidrojen’ için harcanması öngörülüyor. / Çin, G.Kore ve Japonya’nın hidrojen-temiz enerji yatırım açıklamaları.",nb_img_034,docs/hidrojen-ve-enerji-depolama.md,0.900,Notebook görselinin SHA değeri public markdown'da referanslanan repo görselleriyle eşleşmedi.
unused_notebook_image,word/media/image37.jpeg,"Çin, G.Kore ve Japonya’nın hidrojen-temiz enerji yatırım açıklamaları. / Benzer şekilde ABD de 2050 yılına kadar ‘%100 Temiz Enerji Ekonomi’ hedefine ulaşmak için 1.7 Trilyon dolarlık yatırım yapmayı vaat etmiş. (4 Temmuz 2019)",nb_img_035,docs/hidrojen-ve-enerji-depolama.md,0.900,Notebook görselinin SHA değeri public markdown'da referanslanan repo görselleriyle eşleşmedi.
unused_notebook_image,word/media/image38.jpeg,"Çin, G.Kore ve Japonya’nın hidrojen-temiz enerji yatırım açıklamaları. / Benzer şekilde ABD de 2050 yılına kadar ‘%100 Temiz Enerji Ekonomi’ hedefine ulaşmak için 1.7 Trilyon dolarlık yatırım yapmayı vaat etmiş. (4 Temmuz 2019)",nb_img_036,docs/hidrojen-ve-enerji-depolama.md,0.900,Notebook görselinin SHA değeri public markdown'da referanslanan repo görselleriyle eşleşmedi.
unused_notebook_image,word/media/image39.jpeg,"Çin, G.Kore ve Japonya’nın hidrojen-temiz enerji yatırım açıklamaları. / Benzer şekilde ABD de 2050 yılına kadar ‘%100 Temiz Enerji Ekonomi’ hedefine ulaşmak için 1.7 Trilyon dolarlık yatırım yapmayı vaat etmiş. (4 Temmuz 2019)",nb_img_037,docs/hidrojen-ve-enerji-depolama.md,0.900,Notebook görselinin SHA değeri public markdown'da referanslanan repo görselleriyle eşleşmedi.
unused_notebook_image,word/media/image40.jpeg,Benzer şekilde ABD de 2050 yılına kadar ‘%100 Temiz Enerji Ekonomi’ hedefine ulaşmak için 1.7 Trilyon dolarlık yatırım yapmayı vaat etmiş. (4 Temmuz 2019) / .,nb_img_038,docs/verimlilik-hipotez-ve-insan-makine.md,0.900,Notebook görselinin SHA değeri public markdown'da referanslanan repo görselleriyle eşleşmedi.
unused_notebook_image,word/media/image41.JPG,"‘NREL’ adı ve logosunu daha önce, Delftx Üniversitesi’ndeki Solar Energy ET3034TUx dersine çalışırken de görmüştüm. / O dersten bir ekran görüntüsü. ‘NREL Chart’ 2014 yılına ait.",nb_img_039,README.md,0.900,Notebook görselinin SHA değeri public markdown'da referanslanan repo görselleriyle eşleşmedi.
unused_notebook_image,word/media/image42.JPG,O dersten bir ekran görüntüsü. ‘NREL Chart’ 2014 yılına ait. / Dikey eksen: Güneş hücresinin verimlilik yüzdesi.,nb_img_040,docs/verimlilik-hipotez-ve-insan-makine.md,0.900,Notebook görselinin SHA değeri public markdown'da referanslanan repo görselleriyle eşleşmedi.
unused_notebook_image,word/media/image43.JPG,"2022 yılına ait güncel PV Hücresi etkinlik çizelgesi / Ayrıca, NREL’in sitesinden güncel çizelgeyi indirdiğimde [19] ; fark ettiğim, olumlu değişimi de vurgulamak istiyorum.",nb_img_041,docs/verimlilik-hipotez-ve-insan-makine.md,0.900,Notebook görselinin SHA değeri public markdown'da referanslanan repo görselleriyle eşleşmedi.
unused_notebook_image,word/media/image44.jpeg,"Biraz internet araması yaptıktan sonra gerçekten de çok küçük nükleer reaktörlerin var olduğu, henüz arabalarda, kamyonlarda kullanılmıyor olsa da Alaska gibi merkezden uzak yerlerde elektrik için kullanımda olduğunu okudum/dinledim. [21]…",nb_img_042,README.md,0.900,Notebook görselinin SHA değeri public markdown'da referanslanan repo görselleriyle eşleşmedi.
unused_notebook_image,word/media/image45.jpeg,"Biraz internet araması yaptıktan sonra gerçekten de çok küçük nükleer reaktörlerin var olduğu, henüz arabalarda, kamyonlarda kullanılmıyor olsa da Alaska gibi merkezden uzak yerlerde elektrik için kullanımda olduğunu okudum/dinledim. [21]…",nb_img_043,README.md,0.900,Notebook görselinin SHA değeri public markdown'da referanslanan repo görselleriyle eşleşmedi.
unused_notebook_image,word/media/image47.jpg,"Boru hatları ile istasyonlara taşındı. Arabalara, hidrojeni buralardan dolduruyoruz. 2021 itibari ile 685 adet dolum ist. var. [38]Ülkemizde henüz yok.Boru hatları ile istasyonlara taşındı. Arabalara, hidrojeni buralardan dolduruyoruz. 202…",nb_img_045,docs/hidrojen-ve-enerji-depolama.md,0.900,Notebook görselinin SHA değeri public markdown'da referanslanan repo görselleriyle eşleşmedi.
unused_notebook_image,word/media/image50.jpg,"Boru hatları ile istasyonlara taşındı. Arabalara, hidrojeni buralardan dolduruyoruz. 2021 itibari ile 685 adet dolum ist. var. [38]Ülkemizde henüz yok.Boru hatları ile istasyonlara taşındı. Arabalara, hidrojeni buralardan dolduruyoruz. 202…",nb_img_046,docs/hidrojen-ve-enerji-depolama.md,0.900,Notebook görselinin SHA değeri public markdown'da referanslanan repo görselleriyle eşleşmedi.
unused_notebook_image,word/media/image50.jpeg,"Bu bağlamda; notta yazılmış birkaç bilgiyi doğrudan alıntılayıp, bu bilgiler üzerine yorumlar yapmak istiyorum. / Olimpiyat madalyalı bir atlet; birkaç dakika boyunca, 400 Watts güç üretebilir.",nb_img_050,docs/verimlilik-hipotez-ve-insan-makine.md,0.900,Notebook görselinin SHA değeri public markdown'da referanslanan repo görselleriyle eşleşmedi.
unused_notebook_image,word/media/image51.jpeg,[27] / Siemens Siship Sipod. [28] [29],nb_img_051,docs/tarih-olcek-ve-bakim.md,0.900,Notebook görselinin SHA değeri public markdown'da referanslanan repo görselleriyle eşleşmedi.
unused_notebook_image,word/media/image52.jpg,[27] / Siemens Siship Sipod. [28] [29],nb_img_052,docs/tarih-olcek-ve-bakim.md,0.900,Notebook görselinin SHA değeri public markdown'da referanslanan repo görselleriyle eşleşmedi.
unused_notebook_image,word/media/image53.jpg,[27] / Siemens Siship Sipod. [28] [29],nb_img_053,docs/tarih-olcek-ve-bakim.md,0.900,Notebook görselinin SHA değeri public markdown'da referanslanan repo görselleriyle eşleşmedi.
unused_notebook_image,word/media/image54.jpeg,[27] / Siemens Siship Sipod. [28] [29],nb_img_054,docs/tarih-olcek-ve-bakim.md,0.900,Notebook görselinin SHA değeri public markdown'da referanslanan repo görselleriyle eşleşmedi.
unused_notebook_image,word/media/image55.jpg,"İmza, Kaşe / Kendi boy, kilo, yaş bilgilerini girdikten sonra Orta haraketlilik haftada 4-5 gün spor seçeneğinde = 2590 cal/gün kalori ihtiyacımın olduğunu hesapladım. [30]",nb_img_055,README.md,0.900,Notebook görselinin SHA değeri public markdown'da referanslanan repo görselleriyle eşleşmedi.
unused_notebook_image,word/media/image56.jpeg,Normal bir at için: / Kaynakta da görüldüğü gibi haftada 4-5 gün 1.5 saatlik hareketlilikle atın günlük kalori ihtiyacı 25000cal/gün. [31],nb_img_056,docs/verimlilik-hipotez-ve-insan-makine.md,0.900,Notebook görselinin SHA değeri public markdown'da referanslanan repo görselleriyle eşleşmedi.
unused_notebook_image,word/media/image57.jpg,Normal bir at için: / Kaynakta da görüldüğü gibi haftada 4-5 gün 1.5 saatlik hareketlilikle atın günlük kalori ihtiyacı 25000cal/gün. [31],nb_img_057,docs/verimlilik-hipotez-ve-insan-makine.md,0.900,Notebook görselinin SHA değeri public markdown'da referanslanan repo görselleriyle eşleşmedi.
